ticker,name,asset_type,sector,industry,market,is_active,benchmark,market_cap,bond_yield,duration
GOOGL,Alphabet Inc.,stock,Communication Services,Interactive Media & Services,US,True,SPY,4166206726165.772,,
GOOG,Alphabet Inc.,stock,Communication Services,Interactive Media & Services,US,False,SPY,4141045128601.074,,
META,"Meta Platforms, Inc.",stock,Communication Services,Interactive Media & Services,US,True,SPY,1713511957266.9902,,
EA,Electronic Arts Inc.,stock,Communication Services,Interactive Home Entertainment,US,True,SPY,50718919555.481766,,
TTWO,"Take-Two Interactive Software, Inc.",stock,Communication Services,Interactive Home Entertainment,US,True,SPY,39025727352.0,,
LYV,"Live Nation Entertainment, Inc.",stock,Communication Services,Movies & Entertainment,US,True,SPY,36829950251.5312,,
TKO,"TKO Group Holdings, Inc.",stock,Communication Services,Movies & Entertainment,US,True,SPY,13981471014.5,,
PSKY,Paramount Skydance Corporation,stock,Communication Services,Movies & Entertainment,US,True,SPY,12195800262.596905,,
TTD,"The Trade Desk, Inc.",stock,Communication Services,Advertising,US,True,SPY,11409169489.7625,,
AMZN,"Amazon.com, Inc.",stock,Consumer Discretionary,Broadline Retail,US,True,SPY,2839014827396.0195,,
TSLA,"Tesla, Inc.",stock,Consumer Discretionary,Automobile Manufacturers,US,True,SPY,1413278846811.0613,,
HD,"The Home Depot, Inc.",stock,Consumer Discretionary,Home Improvement Retail,US,True,SPY,334555744635.8689,,
YUM,"Yum! Brands, Inc.",stock,Consumer Discretionary,Restaurants,US,True,SPY,44306220898.96088,,
EBAY,eBay Inc.,stock,Consumer Discretionary,Broadline Retail,US,True,SPY,43877121093.75,,
CCL,Carnival Corporation & plc,stock,Consumer Discretionary,"Hotels, Resorts & Cruise Lines",US,True,SPY,37634242412.76776,,
MGM,MGM Resorts International,stock,Consumer Discretionary,Casinos & Gaming,US,True,SPY,10115459875.478004,,
POOL,Pool Corporation,stock,Consumer Discretionary,Distributors,US,True,SPY,8534720921.201294,,
NCLH,Norwegian Cruise Line Holdings Ltd.,stock,Consumer Discretionary,"Hotels, Resorts & Cruise Lines",US,True,SPY,8432149919.176123,,
WMT,Walmart Inc.,stock,Consumer Staples,Consumer Staples Merchandise Retail,US,True,SPY,1035591073113.4803,,
COST,Costco Wholesale Corporation,stock,Consumer Staples,Consumer Staples Merchandise Retail,US,True,SPY,448599276652.3608,,
PG,The Procter & Gamble Company,stock,Consumer Staples,Personal Care Products,US,True,SPY,346257160176.0723,,
KMB,Kimberly-Clark Corporation,stock,Consumer Staples,Household Products,US,True,SPY,32478935696.621475,,
CASY,"Casey's General Stores, Inc.",stock,Consumer Staples,Food Retail,US,True,SPY,29636865827.67279,,
EL,EL,stock,Consumer Staples,Personal Care Products,US,True,SPY,28149598375.869667,,
TAP,Molson Coors Beverage Company,stock,Consumer Staples,Brewers,US,True,SPY,7990828297.829475,,
CAG,"Conagra Brands, Inc.",stock,Consumer Staples,Packaged Foods & Meats,US,True,SPY,6779454537.021858,,
CPB,The Campbell's Company,stock,Consumer Staples,Packaged Foods & Meats,US,True,SPY,6147780832.77449,,
XOM,Exxon Mobil Corporation,stock,Energy,Integrated Oil & Gas,US,True,SPY,618953277709.4252,,
CVX,Chevron Corporation,stock,Energy,Integrated Oil & Gas,US,True,SPY,368919590306.554,,
COP,ConocoPhillips,stock,Energy,Oil & Gas Exploration & Production,US,True,SPY,148407548875.911,,
PSX,Phillips 66,stock,Energy,Oil & Gas Refining & Marketing,US,True,SPY,65300017391.75351,,
OXY,Occidental Petroleum Corporation,stock,Energy,Oil & Gas Exploration & Production,US,True,SPY,56645627679.47527,,
OKE,"ONEOK, Inc.",stock,Energy,Oil & Gas Storage & Transportation,US,True,SPY,55127679600.0,,
CTRA,Coterra Energy Inc.,stock,Energy,Oil & Gas Exploration & Production,US,True,SPY,25461092388.125885,,
EXE,Expand Energy Corporation,stock,Energy,Oil & Gas Exploration & Production,US,True,SPY,23184008781.30981,,
APA,APA Corporation,stock,Energy,Oil & Gas Exploration & Production,US,True,SPY,13333797458.446129,,
BRK-B,Berkshire Hathaway Inc.,stock,Financials,Multi-Sector Holdings,US,True,SPY,1012262722903.7952,,
JPM,JPMorgan Chase & Co.,stock,Financials,Diversified Banks,US,True,SPY,826036256729.126,,
V,Visa Inc.,stock,Financials,Transaction & Payment Processing Services,US,True,SPY,596574039230.6237,,
FITB,Fifth Third Bancorp,stock,Financials,Regional Banks,US,True,SPY,44983170041.78238,,
XYZ,"Block, Inc.",stock,Financials,Transaction & Payment Processing Services,US,True,SPY,43527042280.99823,,
MSCI,MSCI Inc.,stock,Financials,Financial Exchanges & Data,US,True,SPY,43104916680.0376,,
IVZ,Invesco Ltd.,stock,Financials,Asset Management & Custody Banks,US,True,SPY,11334438226.485296,,
JKHY,"Jack Henry & Associates, Inc.",stock,Financials,Transaction & Payment Processing Services,US,True,SPY,10939803211.195038,,
FDS,FactSet Research Systems Inc.,stock,Financials,Financial Exchanges & Data,US,True,SPY,8164944005.353638,,
LLY,Eli Lilly and Company,stock,Health Care,Pharmaceuticals,US,True,SPY,789692244612.6355,,
JNJ,Johnson & Johnson,stock,Health Care,Pharmaceuticals,US,True,SPY,547641860902.5,,
ABBV,AbbVie Inc.,stock,Health Care,Biotechnology,US,True,SPY,351470783808.9057,,
BDX,"Becton, Dickinson and Company",stock,Health Care,Health Care Equipment,US,True,SPY,43278755957.375336,,
A,"Agilent Technologies, Inc.",stock,Health Care,Life Sciences Tools & Services,US,True,SPY,32654698591.78383,,
RMD,ResMed Inc.,stock,Health Care,Health Care Equipment,US,True,SPY,32027397349.0004,,
HSIC,"Henry Schein, Inc.",stock,Health Care,Health Care Distributors,US,True,SPY,8897563979.594978,,
TECH,Bio-Techne Corporation,stock,Health Care,Life Sciences Tools & Services,US,True,SPY,8478203678.6241,,
CRL,"Charles River Laboratories International, Inc.",stock,Health Care,Life Sciences Tools & Services,US,True,SPY,8378264958.579712,,
CAT,Caterpillar Inc.,stock,Industrials,Construction Machinery & Heavy Transportation Equipment,US,True,SPY,386556052328.6814,,
GEV,GE Vernova Inc.,stock,Industrials,Heavy Electrical Equipment,US,True,SPY,308810315308.7378,,
GE,GE Aerospace,stock,Industrials,Aerospace & Defense,US,True,SPY,297358511390.93384,,
FAST,Fastenal Company,stock,Industrials,Trading Companies & Distributors,US,True,SPY,51305685299.50377,,
CARR,Carrier Global Corporation,stock,Industrials,Building Products,US,True,SPY,50936370845.06607,,
ODFL,"Old Dominion Freight Line, Inc.",stock,Industrials,Cargo Ground Transportation,US,True,SPY,45849466777.12968,,
SWK,"Stanley Black & Decker, Inc.",stock,Industrials,Industrial Machinery & Supplies & Components,US,True,SPY,11901151823.780684,,
BLDR,"Builders FirstSource, Inc.",stock,Industrials,Building Products,US,True,SPY,9680684193.313265,,
AOS,A. O. Smith Corporation,stock,Industrials,Building Products,US,True,SPY,8899878652.49302,,
NVDA,NVIDIA Corporation,stock,Information Technology,Semiconductors,US,True,SPY,5062002453842.163,,
AAPL,Apple Inc.,stock,Information Technology,"Technology Hardware, Storage & Peripherals",US,True,SPY,3979469772557.373,,
MSFT,Microsoft Corporation,stock,Information Technology,Systems Software,US,True,SPY,3155936163999.813,,
CIEN,Ciena Corporation,stock,Information Technology,Communications Equipment,US,True,SPY,73640299055.54498,,
MSI,"Motorola Solutions, Inc.",stock,Information Technology,Communications Equipment,US,True,SPY,72840396179.94214,,
TER,"Teradyne, Inc.",stock,Information Technology,Semiconductor Materials & Equipment,US,True,SPY,65454363556.00159,,
IT,"Gartner, Inc.",stock,Information Technology,IT Consulting & Other Services,US,True,SPY,10163659461.074753,,
SWKS,"Skyworks Solutions, Inc.",stock,Information Technology,Semiconductors,US,True,SPY,9573339774.451286,,
EPAM,"EPAM Systems, Inc.",stock,Information Technology,IT Consulting & Other Services,US,True,SPY,6277009714.181229,,
LIN,Linde plc,stock,Materials,Industrial Gases,US,True,SPY,236470032150.13303,,
NEM,Newmont Corporation,stock,Materials,Gold,US,True,SPY,128853615356.88753,,
FCX,Freeport-McMoRan Inc.,stock,Materials,Copper,US,True,SPY,87637371951.09918,,
DOW,Dow Inc.,stock,Materials,Commodity Chemicals,US,True,SPY,27863863883.103584,,
PPG,"PPG Industries, Inc.",stock,Materials,Specialty Chemicals,US,True,SPY,24573092452.97928,,
LYB,LyondellBasell Industries N.V.,stock,Materials,Specialty Chemicals,US,True,SPY,22551890899.33232,,
BALL,Ball Corporation,stock,Materials,"Metal, Glass & Plastic Containers",US,True,SPY,16320505435.336533,,
AVY,Avery Dennison Corporation,stock,Materials,Paper & Plastic Packaging Products & Materials,US,True,SPY,12729768630.5,,
MOS,The Mosaic Company,stock,Materials,Fertilizers & Agricultural Chemicals,US,True,SPY,7628319456.0,,
WELL,Welltower Inc.,stock,Real Estate,Health Care REITs,US,True,SPY,147070739578.75,,
PLD,"Prologis, Inc.",stock,Real Estate,Industrial REITs,US,True,SPY,132469984749.4845,,
EQIX,"Equinix, Inc.",stock,Real Estate,Data Center REITs,US,True,SPY,109349778409.24,,
AVB,"AvalonBay Communities, Inc.",stock,Real Estate,Multi-Family Residential REITs,US,True,SPY,23979995540.93408,,
EQR,Equity Residential,stock,Real Estate,Multi-Family Residential REITs,US,True,SPY,23327247376.060925,,
SBAC,SBA Communications Corporation,stock,Real Estate,Telecom Tower REITs,US,True,SPY,23277516593.76071,,
FRT,Federal Realty Investment Trust,stock,Real Estate,Retail REITs,US,True,SPY,9592547250.610771,,
BXP,"BXP, Inc.",stock,Real Estate,Office REITs,US,True,SPY,9160363213.623907,,
ARE,"Alexandria Real Estate Equities, Inc.",stock,Real Estate,Office REITs,US,True,SPY,8206223950.970963,,
NEE,"NextEra Energy, Inc.",stock,Utilities,Multi-Utilities,US,True,SPY,198691331382.0972,,
CEG,Constellation Energy Corporation,stock,Utilities,Electric Utilities,US,True,SPY,113590248069.90576,,
SO,The Southern Company,stock,Utilities,Electric Utilities,US,True,SPY,105391658274.77864,,
PCG,PG&E Corporation,stock,Utilities,Multi-Utilities,US,True,SPY,36578954076.2113,,
NRG,"NRG Energy, Inc.",stock,Utilities,Independent Power Producers & Energy Traders,US,True,SPY,33939840003.50341,,
AEE,Ameren Corporation,stock,Utilities,Multi-Utilities,US,True,SPY,30741706455.13076,,
LNT,Alliant Energy Corporation,stock,Utilities,Electric Utilities,US,True,SPY,18675971855.17218,,
PNW,Pinnacle West Capital Corporation,stock,Utilities,Multi-Utilities,US,True,SPY,12380924568.94098,,
AES,The AES Corporation,stock,Utilities,Independent Power Producers & Energy Traders,US,True,SPY,10332407654.060858,,
035420,NAVER,stock,Communication Services,Communication Services,KR,True,069500,34115448765000.0,,
035720,카카오,stock,Communication Services,Communication Services,KR,True,069500,21507698307250.0,,
017670,SK텔레콤,stock,Communication Services,Communication Services,KR,True,069500,20984988178100.0,,
028260,삼성물산,stock,Constructions,Constructions,KR,True,069500,50677806562500.0,,
000720,현대건설,stock,Constructions,Constructions,KR,True,069500,19019564662000.0,,
047040,대우건설,stock,Constructions,Constructions,KR,True,069500,13149044416000.0,,
005380,현대자동차,stock,Consumer Discretionary,Consumer Discretionary,KR,True,069500,106064522788000.0,,
000270,기아,stock,Consumer Discretionary,Consumer Discretionary,KR,True,069500,59537982195000.0,,
012330,현대모비스,stock,Consumer Discretionary,Consumer Discretionary,KR,True,069500,38606714066500.0,,
015760,한국전력,stock,Consumer Staples,Consumer Staples,KR,True,069500,29562445745850.0,,
033780,KT&G,stock,Consumer Staples,Consumer Staples,KR,True,069500,20366572152000.0,,
278470,셀트리온헬스케어,stock,Consumer Staples,Consumer Staples,KR,True,069500,16847169750000.0,,
034730,SK(주),stock,Energy & Chemicals,Energy & Chemicals,KR,True,069500,29109835254500.0,,
051910,LG화학,stock,Energy & Chemicals,Energy & Chemicals,KR,True,069500,27248644398000.0,,
267250,HD현대,stock,Energy & Chemicals,Energy & Chemicals,KR,True,069500,23065980820000.0,,
105560,KB금융,stock,Financials,Financials,KR,True,069500,58425666298500.0,,
032830,삼성생명,stock,Financials,Financials,KR,True,069500,48500000000000.0,,
055550,신한지주,stock,Financials,Financials,KR,True,069500,47655297844400.0,,
207940,삼성바이오로직스,stock,Health Care,Health Care,KR,True,069500,70408536471000.0,,
068270,셀트리온,stock,Health Care,Health Care,KR,True,069500,46274127418500.0,,
0126Z0,기타,stock,Health Care,Health Care,KR,True,069500,14282870126000.0,,
034020,두산에너빌리티,stock,Heavy Industries,Heavy Industries,KR,True,069500,82312107261000.0,,
329180,HD현대중공업,stock,Heavy Industries,Heavy Industries,KR,True,069500,71583555450000.0,,
267260,HD현대인프라코어,stock,Heavy Industries,Heavy Industries,KR,True,069500,46356615610000.0,,
005930,삼성전자,stock,IT,IT,KR,True,069500,1286181293760000.0,,
000660,SK하이니스,stock,IT,IT,KR,True,069500,903706598820000.0,,
402340,SK스퀘어,stock,IT,IT,KR,True,069500,101607957220000.0,,
373220,LG에너지솔루션,stock,Industrials,Industrials,KR,True,069500,110799000000000.0,,
012450,한화에어로스페이스,stock,Industrials,Industrials,KR,True,069500,75437255663000.0,,
010120,LS ELECTRIC,stock,Industrials,Industrials,KR,True,069500,36825000000000.0,,
010130,고려아연,stock,Steels & Materials,Steels & Materials,KR,True,069500,34231669160000.0,,
005490,POSCO홀딩스,stock,Steels & Materials,Steels & Materials,KR,True,069500,33083337522500.0,,
004020,현대제철,stock,Steels & Materials,Steels & Materials,KR,True,069500,5664773573250.0,,
GLD,Gold ETF,etf,Commodities,Commodities,US,True,SPY,,,
SLV,Silver ETF,etf,Commodities,Commodities,US,True,SPY,,,
CPER,Copper ETF,etf,Commodities,Commodities,US,True,SPY,,,
USO,Crude Oil ETF,etf,Commodities,Commodities,US,True,SPY,,,
TLT,US 20Y Treasury ETF,bond_proxy,Fixed Income,US_20Y_Treasury,US,True,IEF,,,17.4
IEF,US 7-10Y Treasury ETF,bond_proxy,Fixed Income,US_7_10Y_Treasury,US,True,IEF,,,7.8
LQD,IG Corporate Bond ETF,bond_proxy,Fixed Income,IG_Corp,US,True,IEF,,,8.5
HYG,High Yield Bond ETF,bond_proxy,Fixed Income,HY_Corp,US,True,IEF,,,3.8
SPY,S&P 500 ETF,etf,Index,Broad Market,US,True,SPY,,,
QQQ,Nasdaq 100 ETF,etf,Index,Broad Market,US,False,SPY,,,
069500,KODEX 200,etf,Index,Broad Market,KR,True,069500,,,
