date,fed_funds_rate,us_2y,us_10y,us_30y,hy_spread,ig_spread
2021-04-22,0.07,0.16,1.57,2.24,,
2021-04-23,0.07,0.16,1.58,2.25,,
2021-04-24,0.07,0.16,1.58,2.25,,
2021-04-25,0.07,0.16,1.58,2.25,,
2021-04-26,0.07,0.18,1.58,2.24,,
2021-04-27,0.07,0.17,1.63,2.29,,
2021-04-28,0.07,0.17,1.63,2.29,,
2021-04-29,0.06,0.16,1.65,2.31,,
2021-04-30,0.05,0.16,1.65,2.3,,
2021-05-01,0.05,0.16,1.65,2.3,,
2021-05-02,0.05,0.16,1.65,2.3,,
2021-05-03,0.06,0.16,1.63,2.3,,
2021-05-04,0.06,0.16,1.61,2.27,,
2021-05-05,0.06,0.16,1.59,2.25,,
2021-05-06,0.06,0.16,1.58,2.24,,
2021-05-07,0.06,0.14,1.6,2.28,,
2021-05-08,0.06,0.14,1.6,2.28,,
2021-05-09,0.06,0.14,1.6,2.28,,
2021-05-10,0.06,0.16,1.63,2.32,,
2021-05-11,0.06,0.16,1.64,2.35,,
2021-05-12,0.06,0.16,1.69,2.4,,
2021-05-13,0.06,0.16,1.66,2.39,,
2021-05-14,0.06,0.16,1.63,2.35,,
2021-05-15,0.06,0.16,1.63,2.35,,
2021-05-16,0.06,0.16,1.63,2.35,,
2021-05-17,0.06,0.16,1.64,2.36,,
2021-05-18,0.06,0.16,1.64,2.37,,
2021-05-19,0.06,0.16,1.68,2.38,,
2021-05-20,0.06,0.15,1.63,2.34,,
2021-05-21,0.06,0.17,1.63,2.33,,
2021-05-22,0.06,0.17,1.63,2.33,,
2021-05-23,0.06,0.17,1.63,2.33,,
2021-05-24,0.06,0.15,1.61,2.31,,
2021-05-25,0.06,0.15,1.56,2.26,,
2021-05-26,0.06,0.14,1.58,2.27,,
2021-05-27,0.06,0.14,1.61,2.29,,
2021-05-28,0.05,0.14,1.58,2.26,,
2021-05-29,0.05,0.14,1.58,2.26,,
2021-05-30,0.05,0.14,1.58,2.26,,
2021-05-31,0.05,0.14,1.58,2.26,,
2021-06-01,0.06,0.16,1.62,2.3,,
2021-06-02,0.06,0.13,1.59,2.28,,
2021-06-03,0.06,0.16,1.63,2.3,,
2021-06-04,0.06,0.14,1.56,2.24,,
2021-06-05,0.06,0.14,1.56,2.24,,
2021-06-06,0.06,0.14,1.56,2.24,,
2021-06-07,0.06,0.16,1.57,2.25,,
2021-06-08,0.06,0.14,1.53,2.21,,
2021-06-09,0.06,0.16,1.5,2.17,,
2021-06-10,0.06,0.14,1.45,2.15,,
2021-06-11,0.06,0.16,1.47,2.15,,
2021-06-12,0.06,0.16,1.47,2.15,,
2021-06-13,0.06,0.16,1.47,2.15,,
2021-06-14,0.06,0.16,1.51,2.19,,
2021-06-15,0.06,0.16,1.51,2.2,,
2021-06-16,0.06,0.21,1.57,2.2,,
2021-06-17,0.1,0.23,1.52,2.11,,
2021-06-18,0.1,0.26,1.45,2.01,,
2021-06-19,0.1,0.26,1.45,2.01,,
2021-06-20,0.1,0.26,1.45,2.01,,
2021-06-21,0.1,0.27,1.5,2.11,,
2021-06-22,0.1,0.25,1.48,2.1,,
2021-06-23,0.1,0.26,1.5,2.11,,
2021-06-24,0.1,0.26,1.49,2.1,,
2021-06-25,0.1,0.28,1.54,2.16,,
2021-06-26,0.1,0.28,1.54,2.16,,
2021-06-27,0.1,0.28,1.54,2.16,,
2021-06-28,0.1,0.25,1.49,2.1,,
2021-06-29,0.1,0.27,1.49,2.1,,
2021-06-30,0.08,0.25,1.45,2.06,,
2021-07-01,0.1,0.25,1.48,2.07,,
2021-07-02,0.1,0.24,1.44,2.05,,
2021-07-03,0.1,0.24,1.44,2.05,,
2021-07-04,0.1,0.24,1.44,2.05,,
2021-07-05,0.1,0.24,1.44,2.05,,
2021-07-06,0.1,0.22,1.37,2.0,,
2021-07-07,0.1,0.22,1.33,1.94,,
2021-07-08,0.1,0.19,1.3,1.91,,
2021-07-09,0.1,0.23,1.37,1.99,,
2021-07-10,0.1,0.23,1.37,1.99,,
2021-07-11,0.1,0.23,1.37,1.99,,
2021-07-12,0.1,0.23,1.38,2.0,,
2021-07-13,0.1,0.26,1.42,2.04,,
2021-07-14,0.1,0.23,1.37,1.98,,
2021-07-15,0.1,0.23,1.31,1.92,,
2021-07-16,0.1,0.25,1.31,1.93,,
2021-07-17,0.1,0.25,1.31,1.93,,
2021-07-18,0.1,0.25,1.31,1.93,,
2021-07-19,0.1,0.21,1.19,1.81,,
2021-07-20,0.1,0.2,1.23,1.88,,
2021-07-21,0.1,0.22,1.3,1.94,,
2021-07-22,0.1,0.2,1.27,1.9,,
2021-07-23,0.1,0.22,1.3,1.92,,
2021-07-24,0.1,0.22,1.3,1.92,,
2021-07-25,0.1,0.22,1.3,1.92,,
2021-07-26,0.1,0.22,1.29,1.93,,
2021-07-27,0.1,0.2,1.25,1.89,,
2021-07-28,0.1,0.2,1.26,1.9,,
2021-07-29,0.1,0.2,1.28,1.91,,
2021-07-30,0.07,0.19,1.24,1.89,,
2021-07-31,0.07,0.19,1.24,1.89,,
2021-08-01,0.07,0.19,1.24,1.89,,
2021-08-02,0.1,0.17,1.2,1.86,,
2021-08-03,0.1,0.17,1.19,1.85,,
2021-08-04,0.1,0.17,1.19,1.83,,
2021-08-05,0.1,0.21,1.23,1.86,,
2021-08-06,0.1,0.21,1.31,1.94,,
2021-08-07,0.1,0.21,1.31,1.94,,
2021-08-08,0.1,0.21,1.31,1.94,,
2021-08-09,0.1,0.23,1.33,1.96,,
2021-08-10,0.1,0.24,1.36,1.99,,
2021-08-11,0.1,0.23,1.35,1.99,,
2021-08-12,0.1,0.23,1.36,2.03,,
2021-08-13,0.1,0.23,1.29,1.94,,
2021-08-14,0.1,0.23,1.29,1.94,,
2021-08-15,0.1,0.23,1.29,1.94,,
2021-08-16,0.1,0.21,1.26,1.92,,
2021-08-17,0.1,0.23,1.26,1.92,,
2021-08-18,0.09,0.23,1.27,1.91,,
2021-08-19,0.09,0.22,1.24,1.88,,
2021-08-20,0.09,0.23,1.26,1.87,,
2021-08-21,0.09,0.23,1.26,1.87,,
2021-08-22,0.09,0.23,1.26,1.87,,
2021-08-23,0.09,0.23,1.25,1.87,,
2021-08-24,0.09,0.24,1.29,1.91,,
2021-08-25,0.09,0.23,1.35,1.96,,
2021-08-26,0.09,0.25,1.34,1.94,,
2021-08-27,0.08,0.22,1.31,1.91,,
2021-08-28,0.08,0.22,1.31,1.91,,
2021-08-29,0.08,0.22,1.31,1.91,,
2021-08-30,0.08,0.2,1.29,1.9,,
2021-08-31,0.06,0.2,1.3,1.92,,
2021-09-01,0.08,0.2,1.31,1.92,,
2021-09-02,0.08,0.2,1.29,1.9,,
2021-09-03,0.08,0.21,1.33,1.94,,
2021-09-04,0.08,0.21,1.33,1.94,,
2021-09-05,0.08,0.21,1.33,1.94,,
2021-09-06,0.08,0.21,1.33,1.94,,
2021-09-07,0.08,0.22,1.38,1.99,,
2021-09-08,0.08,0.22,1.35,1.95,,
2021-09-09,0.08,0.23,1.3,1.9,,
2021-09-10,0.08,0.23,1.35,1.94,,
2021-09-11,0.08,0.23,1.35,1.94,,
2021-09-12,0.08,0.23,1.35,1.94,,
2021-09-13,0.08,0.21,1.33,1.91,,
2021-09-14,0.08,0.21,1.28,1.85,,
2021-09-15,0.08,0.21,1.31,1.87,,
2021-09-16,0.08,0.23,1.34,1.88,,
2021-09-17,0.08,0.23,1.37,1.91,,
2021-09-18,0.08,0.23,1.37,1.91,,
2021-09-19,0.08,0.23,1.37,1.91,,
2021-09-20,0.08,0.23,1.31,1.85,,
2021-09-21,0.08,0.22,1.33,1.86,,
2021-09-22,0.08,0.25,1.32,1.84,,
2021-09-23,0.08,0.27,1.41,1.92,,
2021-09-24,0.08,0.29,1.47,1.99,,
2021-09-25,0.08,0.29,1.47,1.99,,
2021-09-26,0.08,0.29,1.47,1.99,,
2021-09-27,0.08,0.31,1.48,1.99,,
2021-09-28,0.08,0.31,1.54,2.07,,
2021-09-29,0.08,0.3,1.55,2.09,,
2021-09-30,0.06,0.28,1.52,2.08,,
2021-10-01,0.08,0.27,1.48,2.04,,
2021-10-02,0.08,0.27,1.48,2.04,,
2021-10-03,0.08,0.27,1.48,2.04,,
2021-10-04,0.08,0.27,1.49,2.05,,
2021-10-05,0.08,0.28,1.54,2.1,,
2021-10-06,0.08,0.3,1.53,2.08,,
2021-10-07,0.08,0.32,1.58,2.13,,
2021-10-08,0.08,0.32,1.61,2.16,,
2021-10-09,0.08,0.32,1.61,2.16,,
2021-10-10,0.08,0.32,1.61,2.16,,
2021-10-11,0.08,0.32,1.61,2.16,,
2021-10-12,0.08,0.35,1.59,2.1,,
2021-10-13,0.08,0.37,1.56,2.05,,
2021-10-14,0.08,0.36,1.52,2.02,,
2021-10-15,0.08,0.41,1.59,2.05,,
2021-10-16,0.08,0.41,1.59,2.05,,
2021-10-17,0.08,0.41,1.59,2.05,,
2021-10-18,0.08,0.44,1.59,2.01,,
2021-10-19,0.08,0.41,1.65,2.09,,
2021-10-20,0.08,0.4,1.65,2.12,,
2021-10-21,0.08,0.45,1.68,2.13,,
2021-10-22,0.08,0.48,1.66,2.08,,
2021-10-23,0.08,0.48,1.66,2.08,,
2021-10-24,0.08,0.48,1.66,2.08,,
2021-10-25,0.08,0.47,1.64,2.09,,
2021-10-26,0.08,0.47,1.63,2.05,,
2021-10-27,0.08,0.5,1.54,1.95,,
2021-10-28,0.08,0.5,1.57,1.96,,
2021-10-29,0.07,0.48,1.55,1.93,,
2021-10-30,0.07,0.48,1.55,1.93,,
2021-10-31,0.07,0.48,1.55,1.93,,
2021-11-01,0.08,0.5,1.58,1.98,,
2021-11-02,0.08,0.46,1.56,1.96,,
2021-11-03,0.08,0.47,1.6,2.0,,
2021-11-04,0.08,0.41,1.53,1.96,,
2021-11-05,0.08,0.39,1.45,1.87,,
2021-11-06,0.08,0.39,1.45,1.87,,
2021-11-07,0.08,0.39,1.45,1.87,,
2021-11-08,0.08,0.45,1.51,1.89,,
2021-11-09,0.08,0.41,1.46,1.83,,
2021-11-10,0.08,0.51,1.56,1.92,,
2021-11-11,0.08,0.51,1.56,1.92,,
2021-11-12,0.08,0.53,1.58,1.95,,
2021-11-13,0.08,0.53,1.58,1.95,,
2021-11-14,0.08,0.53,1.58,1.95,,
2021-11-15,0.08,0.53,1.63,2.01,,
2021-11-16,0.08,0.54,1.63,2.02,,
2021-11-17,0.08,0.52,1.6,2.0,,
2021-11-18,0.08,0.52,1.59,1.97,,
2021-11-19,0.08,0.52,1.54,1.91,,
2021-11-20,0.08,0.52,1.54,1.91,,
2021-11-21,0.08,0.52,1.54,1.91,,
2021-11-22,0.08,0.63,1.63,1.98,,
2021-11-23,0.08,0.6,1.67,2.02,,
2021-11-24,0.08,0.64,1.64,1.96,,
2021-11-25,0.08,0.64,1.64,1.96,,
2021-11-26,0.08,0.5,1.48,1.83,,
2021-11-27,0.08,0.5,1.48,1.83,,
2021-11-28,0.08,0.5,1.48,1.83,,
2021-11-29,0.08,0.51,1.52,1.87,,
2021-11-30,0.07,0.52,1.43,1.78,,
2021-12-01,0.08,0.56,1.43,1.77,,
2021-12-02,0.08,0.63,1.44,1.76,,
2021-12-03,0.08,0.6,1.35,1.69,,
2021-12-04,0.08,0.6,1.35,1.69,,
2021-12-05,0.08,0.6,1.35,1.69,,
2021-12-06,0.08,0.65,1.43,1.75,,
2021-12-07,0.08,0.7,1.48,1.8,,
2021-12-08,0.08,0.68,1.52,1.87,,
2021-12-09,0.08,0.7,1.49,1.87,,
2021-12-10,0.08,0.67,1.48,1.88,,
2021-12-11,0.08,0.67,1.48,1.88,,
2021-12-12,0.08,0.67,1.48,1.88,,
2021-12-13,0.08,0.66,1.42,1.81,,
2021-12-14,0.08,0.67,1.44,1.82,,
2021-12-15,0.08,0.69,1.47,1.86,,
2021-12-16,0.08,0.64,1.44,1.87,,
2021-12-17,0.08,0.66,1.41,1.82,,
2021-12-18,0.08,0.66,1.41,1.82,,
2021-12-19,0.08,0.66,1.41,1.82,,
2021-12-20,0.08,0.65,1.43,1.85,,
2021-12-21,0.08,0.7,1.48,1.89,,
2021-12-22,0.08,0.68,1.46,1.86,,
2021-12-23,0.08,0.71,1.5,1.91,,
2021-12-24,0.08,0.71,1.5,1.91,,
2021-12-25,0.08,0.71,1.5,1.91,,
2021-12-26,0.08,0.71,1.5,1.91,,
2021-12-27,0.08,0.76,1.48,1.88,,
2021-12-28,0.08,0.74,1.49,1.9,,
2021-12-29,0.08,0.75,1.55,1.96,,
2021-12-30,0.08,0.73,1.52,1.93,,
2021-12-31,0.07,0.73,1.52,1.9,,
2022-01-01,0.07,0.73,1.52,1.9,,
2022-01-02,0.07,0.73,1.52,1.9,,
2022-01-03,0.08,0.78,1.63,2.01,,
2022-01-04,0.08,0.77,1.66,2.07,,
2022-01-05,0.08,0.83,1.71,2.09,,
2022-01-06,0.08,0.88,1.73,2.09,,
2022-01-07,0.08,0.87,1.76,2.11,,
2022-01-08,0.08,0.87,1.76,2.11,,
2022-01-09,0.08,0.87,1.76,2.11,,
2022-01-10,0.08,0.92,1.78,2.11,,
2022-01-11,0.08,0.9,1.75,2.08,,
2022-01-12,0.08,0.92,1.74,2.08,,
2022-01-13,0.08,0.91,1.7,2.05,,
2022-01-14,0.08,0.99,1.78,2.12,,
2022-01-15,0.08,0.99,1.78,2.12,,
2022-01-16,0.08,0.99,1.78,2.12,,
2022-01-17,0.08,0.99,1.78,2.12,,
2022-01-18,0.08,1.06,1.87,2.18,,
2022-01-19,0.08,1.04,1.83,2.14,,
2022-01-20,0.08,1.08,1.83,2.14,,
2022-01-21,0.08,1.01,1.75,2.07,,
2022-01-22,0.08,1.01,1.75,2.07,,
2022-01-23,0.08,1.01,1.75,2.07,,
2022-01-24,0.08,0.99,1.75,2.1,,
2022-01-25,0.08,1.02,1.78,2.12,,
2022-01-26,0.08,1.13,1.85,2.16,,
2022-01-27,0.08,1.18,1.81,2.09,,
2022-01-28,0.08,1.15,1.78,2.07,,
2022-01-29,0.08,1.15,1.78,2.07,,
2022-01-30,0.08,1.15,1.78,2.07,,
2022-01-31,0.08,1.18,1.79,2.11,,
2022-02-01,0.08,1.18,1.81,2.12,,
2022-02-02,0.08,1.16,1.78,2.11,,
2022-02-03,0.08,1.19,1.82,2.14,,
2022-02-04,0.08,1.31,1.93,2.23,,
2022-02-05,0.08,1.31,1.93,2.23,,
2022-02-06,0.08,1.31,1.93,2.23,,
2022-02-07,0.08,1.3,1.92,2.22,,
2022-02-08,0.08,1.35,1.96,2.25,,
2022-02-09,0.08,1.36,1.94,2.25,,
2022-02-10,0.08,1.61,2.03,2.3,,
2022-02-11,0.08,1.5,1.92,2.24,,
2022-02-12,0.08,1.5,1.92,2.24,,
2022-02-13,0.08,1.5,1.92,2.24,,
2022-02-14,0.08,1.58,1.98,2.29,,
2022-02-15,0.08,1.58,2.05,2.37,,
2022-02-16,0.08,1.52,2.03,2.34,,
2022-02-17,0.08,1.49,1.97,2.31,,
2022-02-18,0.08,1.47,1.92,2.24,,
2022-02-19,0.08,1.47,1.92,2.24,,
2022-02-20,0.08,1.47,1.92,2.24,,
2022-02-21,0.08,1.47,1.92,2.24,,
2022-02-22,0.08,1.56,1.94,2.24,,
2022-02-23,0.08,1.58,1.99,2.29,,
2022-02-24,0.08,1.54,1.96,2.28,,
2022-02-25,0.08,1.55,1.97,2.29,,
2022-02-26,0.08,1.55,1.97,2.29,,
2022-02-27,0.08,1.55,1.97,2.29,,
2022-02-28,0.08,1.44,1.83,2.17,,
2022-03-01,0.08,1.31,1.72,2.11,,
2022-03-02,0.08,1.5,1.86,2.24,,
2022-03-03,0.08,1.53,1.86,2.24,,
2022-03-04,0.08,1.5,1.74,2.16,,
2022-03-05,0.08,1.5,1.74,2.16,,
2022-03-06,0.08,1.5,1.74,2.16,,
2022-03-07,0.08,1.55,1.78,2.19,,
2022-03-08,0.08,1.63,1.86,2.24,,
2022-03-09,0.08,1.68,1.94,2.29,,
2022-03-10,0.08,1.72,1.98,2.38,,
2022-03-11,0.08,1.75,2.0,2.36,,
2022-03-12,0.08,1.75,2.0,2.36,,
2022-03-13,0.08,1.75,2.0,2.36,,
2022-03-14,0.08,1.87,2.14,2.47,,
2022-03-15,0.08,1.85,2.15,2.49,,
2022-03-16,0.08,1.95,2.19,2.46,,
2022-03-17,0.33,1.94,2.2,2.5,,
2022-03-18,0.33,1.97,2.14,2.42,,
2022-03-19,0.33,1.97,2.14,2.42,,
2022-03-20,0.33,1.97,2.14,2.42,,
2022-03-21,0.33,2.14,2.32,2.55,,
2022-03-22,0.33,2.18,2.38,2.6,,
2022-03-23,0.33,2.13,2.32,2.52,,
2022-03-24,0.33,2.13,2.34,2.51,,
2022-03-25,0.33,2.3,2.48,2.6,,
2022-03-26,0.33,2.3,2.48,2.6,,
2022-03-27,0.33,2.3,2.48,2.6,,
2022-03-28,0.33,2.35,2.46,2.57,,
2022-03-29,0.33,2.35,2.41,2.53,,
2022-03-30,0.33,2.31,2.35,2.48,,
2022-03-31,0.33,2.28,2.32,2.44,,
2022-04-01,0.33,2.44,2.39,2.44,,
2022-04-02,0.33,2.44,2.39,2.44,,
2022-04-03,0.33,2.44,2.39,2.44,,
2022-04-04,0.33,2.43,2.42,2.48,,
2022-04-05,0.33,2.51,2.54,2.57,,
2022-04-06,0.33,2.5,2.61,2.63,,
2022-04-07,0.33,2.47,2.66,2.69,,
2022-04-08,0.33,2.53,2.72,2.76,,
2022-04-09,0.33,2.53,2.72,2.76,,
2022-04-10,0.33,2.53,2.72,2.76,,
2022-04-11,0.33,2.5,2.79,2.84,,
2022-04-12,0.33,2.39,2.72,2.82,,
2022-04-13,0.33,2.37,2.7,2.81,,
2022-04-14,0.33,2.47,2.83,2.92,,
2022-04-15,0.33,2.47,2.83,2.92,,
2022-04-16,0.33,2.47,2.83,2.92,,
2022-04-17,0.33,2.47,2.83,2.92,,
2022-04-18,0.33,2.46,2.85,2.95,,
2022-04-19,0.33,2.61,2.93,3.01,,
2022-04-20,0.33,2.6,2.85,2.9,,
2022-04-21,0.33,2.68,2.9,2.94,,
2022-04-22,0.33,2.72,2.9,2.95,,
2022-04-23,0.33,2.72,2.9,2.95,,
2022-04-24,0.33,2.72,2.9,2.95,,
2022-04-25,0.33,2.63,2.81,2.88,,
2022-04-26,0.33,2.54,2.77,2.86,,
2022-04-27,0.33,2.58,2.82,2.91,,
2022-04-28,0.33,2.63,2.85,2.92,,
2022-04-29,0.33,2.7,2.89,2.96,,
2022-04-30,0.33,2.7,2.89,2.96,,
2022-05-01,0.33,2.7,2.89,2.96,,
2022-05-02,0.33,2.73,2.99,3.07,,
2022-05-03,0.33,2.78,2.97,3.03,,
2022-05-04,0.33,2.66,2.93,3.01,,
2022-05-05,0.83,2.71,3.05,3.15,,
2022-05-06,0.83,2.72,3.12,3.23,,
2022-05-07,0.83,2.72,3.12,3.23,,
2022-05-08,0.83,2.72,3.12,3.23,,
2022-05-09,0.83,2.61,3.05,3.19,,
2022-05-10,0.83,2.62,2.99,3.12,,
2022-05-11,0.83,2.66,2.91,3.05,,
2022-05-12,0.83,2.56,2.84,3.0,,
2022-05-13,0.83,2.61,2.93,3.1,,
2022-05-14,0.83,2.61,2.93,3.1,,
2022-05-15,0.83,2.61,2.93,3.1,,
2022-05-16,0.83,2.58,2.88,3.09,,
2022-05-17,0.83,2.71,2.98,3.17,,
2022-05-18,0.83,2.68,2.89,3.07,,
2022-05-19,0.83,2.63,2.84,3.05,,
2022-05-20,0.83,2.6,2.78,2.99,,
2022-05-21,0.83,2.6,2.78,2.99,,
2022-05-22,0.83,2.6,2.78,2.99,,
2022-05-23,0.83,2.65,2.86,3.08,,
2022-05-24,0.83,2.5,2.76,2.98,,
2022-05-25,0.83,2.48,2.75,2.97,,
2022-05-26,0.83,2.46,2.75,2.99,,
2022-05-27,0.83,2.47,2.74,2.97,,
2022-05-28,0.83,2.47,2.74,2.97,,
2022-05-29,0.83,2.47,2.74,2.97,,
2022-05-30,0.83,2.47,2.74,2.97,,
2022-05-31,0.83,2.53,2.85,3.07,,
2022-06-01,0.83,2.66,2.94,3.09,,
2022-06-02,0.83,2.65,2.92,3.09,,
2022-06-03,0.83,2.66,2.96,3.11,,
2022-06-04,0.83,2.66,2.96,3.11,,
2022-06-05,0.83,2.66,2.96,3.11,,
2022-06-06,0.83,2.73,3.04,3.19,,
2022-06-07,0.83,2.75,2.98,3.13,,
2022-06-08,0.83,2.78,3.03,3.18,,
2022-06-09,0.83,2.83,3.04,3.18,,
2022-06-10,0.83,3.06,3.15,3.2,,
2022-06-11,0.83,3.06,3.15,3.2,,
2022-06-12,0.83,3.06,3.15,3.2,,
2022-06-13,0.83,3.4,3.43,3.42,,
2022-06-14,0.83,3.45,3.49,3.45,,
2022-06-15,0.83,3.2,3.33,3.39,,
2022-06-16,1.58,3.14,3.28,3.35,,
2022-06-17,1.58,3.17,3.25,3.3,,
2022-06-18,1.58,3.17,3.25,3.3,,
2022-06-19,1.58,3.17,3.25,3.3,,
2022-06-20,1.58,3.17,3.25,3.3,,
2022-06-21,1.58,3.21,3.31,3.39,,
2022-06-22,1.58,3.06,3.16,3.25,,
2022-06-23,1.58,3.01,3.09,3.21,,
2022-06-24,1.58,3.04,3.13,3.26,,
2022-06-25,1.58,3.04,3.13,3.26,,
2022-06-26,1.58,3.04,3.13,3.26,,
2022-06-27,1.58,3.08,3.2,3.31,,
2022-06-28,1.58,3.1,3.2,3.3,,
2022-06-29,1.58,3.06,3.1,3.22,,
2022-06-30,1.58,2.92,2.98,3.14,,
2022-07-01,1.58,2.84,2.88,3.11,,
2022-07-02,1.58,2.84,2.88,3.11,,
2022-07-03,1.58,2.84,2.88,3.11,,
2022-07-04,1.58,2.84,2.88,3.11,,
2022-07-05,1.58,2.82,2.82,3.05,,
2022-07-06,1.58,2.97,2.93,3.14,,
2022-07-07,1.58,3.03,3.01,3.2,,
2022-07-08,1.58,3.12,3.09,3.27,,
2022-07-09,1.58,3.12,3.09,3.27,,
2022-07-10,1.58,3.12,3.09,3.27,,
2022-07-11,1.58,3.07,2.99,3.18,,
2022-07-12,1.58,3.03,2.96,3.13,,
2022-07-13,1.58,3.13,2.91,3.08,,
2022-07-14,1.58,3.15,2.96,3.11,,
2022-07-15,1.58,3.13,2.93,3.1,,
2022-07-16,1.58,3.13,2.93,3.1,,
2022-07-17,1.58,3.13,2.93,3.1,,
2022-07-18,1.58,3.15,2.96,3.14,,
2022-07-19,1.58,3.23,3.01,3.17,,
2022-07-20,1.58,3.25,3.04,3.17,,
2022-07-21,1.58,3.1,2.91,3.08,,
2022-07-22,1.58,2.98,2.77,3.0,,
2022-07-23,1.58,2.98,2.77,3.0,,
2022-07-24,1.58,2.98,2.77,3.0,,
2022-07-25,1.58,3.0,2.81,3.04,,
2022-07-26,1.58,3.02,2.81,3.03,,
2022-07-27,1.58,2.96,2.78,3.03,,
2022-07-28,2.33,2.85,2.68,3.02,,
2022-07-29,2.32,2.89,2.67,3.0,,
2022-07-30,2.32,2.89,2.67,3.0,,
2022-07-31,2.32,2.89,2.67,3.0,,
2022-08-01,2.33,2.9,2.6,2.92,,
2022-08-02,2.33,3.06,2.75,3.0,,
2022-08-03,2.33,3.1,2.73,2.96,,
2022-08-04,2.33,3.03,2.68,2.97,,
2022-08-05,2.33,3.24,2.83,3.06,,
2022-08-06,2.33,3.24,2.83,3.06,,
2022-08-07,2.33,3.24,2.83,3.06,,
2022-08-08,2.33,3.21,2.77,3.0,,
2022-08-09,2.33,3.28,2.8,3.01,,
2022-08-10,2.33,3.23,2.78,3.04,,
2022-08-11,2.33,3.23,2.87,3.15,,
2022-08-12,2.33,3.25,2.84,3.12,,
2022-08-13,2.33,3.25,2.84,3.12,,
2022-08-14,2.33,3.25,2.84,3.12,,
2022-08-15,2.33,3.2,2.79,3.1,,
2022-08-16,2.33,3.25,2.82,3.11,,
2022-08-17,2.33,3.28,2.89,3.15,,
2022-08-18,2.33,3.22,2.88,3.14,,
2022-08-19,2.33,3.25,2.98,3.22,,
2022-08-20,2.33,3.25,2.98,3.22,,
2022-08-21,2.33,3.25,2.98,3.22,,
2022-08-22,2.33,3.32,3.03,3.24,,
2022-08-23,2.33,3.29,3.05,3.26,,
2022-08-24,2.33,3.36,3.11,3.32,,
2022-08-25,2.33,3.35,3.03,3.25,,
2022-08-26,2.33,3.37,3.04,3.21,,
2022-08-27,2.33,3.37,3.04,3.21,,
2022-08-28,2.33,3.37,3.04,3.21,,
2022-08-29,2.33,3.42,3.12,3.25,,
2022-08-30,2.33,3.46,3.11,3.23,,
2022-08-31,2.33,3.45,3.15,3.27,,
2022-09-01,2.33,3.51,3.26,3.37,,
2022-09-02,2.33,3.4,3.2,3.35,,
2022-09-03,2.33,3.4,3.2,3.35,,
2022-09-04,2.33,3.4,3.2,3.35,,
2022-09-05,2.33,3.4,3.2,3.35,,
2022-09-06,2.33,3.5,3.33,3.49,,
2022-09-07,2.33,3.45,3.27,3.42,,
2022-09-08,2.33,3.48,3.29,3.45,,
2022-09-09,2.33,3.56,3.33,3.47,,
2022-09-10,2.33,3.56,3.33,3.47,,
2022-09-11,2.33,3.56,3.33,3.47,,
2022-09-12,2.33,3.58,3.37,3.53,,
2022-09-13,2.33,3.75,3.42,3.51,,
2022-09-14,2.33,3.78,3.41,3.47,,
2022-09-15,2.33,3.87,3.45,3.48,,
2022-09-16,2.33,3.85,3.45,3.52,,
2022-09-17,2.33,3.85,3.45,3.52,,
2022-09-18,2.33,3.85,3.45,3.52,,
2022-09-19,2.33,3.95,3.49,3.52,,
2022-09-20,2.33,3.96,3.57,3.59,,
2022-09-21,2.33,4.02,3.51,3.5,,
2022-09-22,3.08,4.11,3.7,3.65,,
2022-09-23,3.08,4.2,3.69,3.61,,
2022-09-24,3.08,4.2,3.69,3.61,,
2022-09-25,3.08,4.2,3.69,3.61,,
2022-09-26,3.08,4.27,3.88,3.72,,
2022-09-27,3.08,4.3,3.97,3.87,,
2022-09-28,3.08,4.07,3.72,3.7,,
2022-09-29,3.08,4.16,3.76,3.71,,
2022-09-30,3.08,4.22,3.83,3.79,,
2022-10-01,3.08,4.22,3.83,3.79,,
2022-10-02,3.08,4.22,3.83,3.79,,
2022-10-03,3.08,4.12,3.67,3.73,,
2022-10-04,3.08,4.1,3.62,3.7,,
2022-10-05,3.08,4.15,3.76,3.78,,
2022-10-06,3.08,4.23,3.83,3.81,,
2022-10-07,3.08,4.3,3.89,3.86,,
2022-10-08,3.08,4.3,3.89,3.86,,
2022-10-09,3.08,4.3,3.89,3.86,,
2022-10-10,3.08,4.3,3.89,3.86,,
2022-10-11,3.08,4.3,3.93,3.92,,
2022-10-12,3.08,4.28,3.91,3.9,,
2022-10-13,3.08,4.47,3.97,3.97,,
2022-10-14,3.08,4.48,4.0,3.99,,
2022-10-15,3.08,4.48,4.0,3.99,,
2022-10-16,3.08,4.48,4.0,3.99,,
2022-10-17,3.08,4.45,4.02,4.04,,
2022-10-18,3.08,4.43,4.01,4.04,,
2022-10-19,3.08,4.55,4.14,4.15,,
2022-10-20,3.08,4.62,4.24,4.24,,
2022-10-21,3.08,4.49,4.21,4.33,,
2022-10-22,3.08,4.49,4.21,4.33,,
2022-10-23,3.08,4.49,4.21,4.33,,
2022-10-24,3.08,4.5,4.25,4.4,,
2022-10-25,3.08,4.42,4.1,4.26,,
2022-10-26,3.08,4.39,4.04,4.19,,
2022-10-27,3.08,4.3,3.96,4.12,,
2022-10-28,3.08,4.41,4.02,4.15,,
2022-10-29,3.08,4.41,4.02,4.15,,
2022-10-30,3.08,4.41,4.02,4.15,,
2022-10-31,3.08,4.51,4.1,4.22,,
2022-11-01,3.08,4.54,4.07,4.14,,
2022-11-02,3.08,4.61,4.1,4.15,,
2022-11-03,3.83,4.71,4.14,4.18,,
2022-11-04,3.83,4.66,4.17,4.27,,
2022-11-05,3.83,4.66,4.17,4.27,,
2022-11-06,3.83,4.66,4.17,4.27,,
2022-11-07,3.83,4.72,4.22,4.34,,
2022-11-08,3.83,4.67,4.14,4.28,,
2022-11-09,3.83,4.61,4.12,4.31,,
2022-11-10,3.83,4.34,3.82,4.03,,
2022-11-11,3.83,4.34,3.82,4.03,,
2022-11-12,3.83,4.34,3.82,4.03,,
2022-11-13,3.83,4.34,3.82,4.03,,
2022-11-14,3.83,4.4,3.88,4.07,,
2022-11-15,3.83,4.37,3.8,3.98,,
2022-11-16,3.83,4.35,3.67,3.85,,
2022-11-17,3.83,4.43,3.77,3.89,,
2022-11-18,3.83,4.51,3.82,3.92,,
2022-11-19,3.83,4.51,3.82,3.92,,
2022-11-20,3.83,4.51,3.82,3.92,,
2022-11-21,3.83,4.48,3.83,3.91,,
2022-11-22,3.83,4.47,3.76,3.83,,
2022-11-23,3.83,4.46,3.71,3.74,,
2022-11-24,3.83,4.46,3.71,3.74,,
2022-11-25,3.83,4.42,3.68,3.74,,
2022-11-26,3.83,4.42,3.68,3.74,,
2022-11-27,3.83,4.42,3.68,3.74,,
2022-11-28,3.83,4.46,3.69,3.74,,
2022-11-29,3.83,4.48,3.75,3.81,,
2022-11-30,3.83,4.38,3.68,3.8,,
2022-12-01,3.83,4.25,3.53,3.64,,
2022-12-02,3.83,4.28,3.51,3.56,,
2022-12-03,3.83,4.28,3.51,3.56,,
2022-12-04,3.83,4.28,3.51,3.56,,
2022-12-05,3.83,4.41,3.6,3.62,,
2022-12-06,3.83,4.34,3.51,3.52,,
2022-12-07,3.83,4.26,3.42,3.42,,
2022-12-08,3.83,4.31,3.48,3.44,,
2022-12-09,3.83,4.33,3.57,3.56,,
2022-12-10,3.83,4.33,3.57,3.56,,
2022-12-11,3.83,4.33,3.57,3.56,,
2022-12-12,3.83,4.39,3.61,3.57,,
2022-12-13,3.83,4.22,3.51,3.53,,
2022-12-14,3.83,4.23,3.49,3.52,,
2022-12-15,4.33,4.23,3.44,3.48,,
2022-12-16,4.33,4.17,3.48,3.53,,
2022-12-17,4.33,4.17,3.48,3.53,,
2022-12-18,4.33,4.17,3.48,3.53,,
2022-12-19,4.33,4.25,3.57,3.62,,
2022-12-20,4.33,4.25,3.69,3.74,,
2022-12-21,4.33,4.21,3.68,3.74,,
2022-12-22,4.33,4.24,3.67,3.73,,
2022-12-23,4.33,4.31,3.75,3.82,,
2022-12-24,4.33,4.31,3.75,3.82,,
2022-12-25,4.33,4.31,3.75,3.82,,
2022-12-26,4.33,4.31,3.75,3.82,,
2022-12-27,4.33,4.32,3.84,3.93,,
2022-12-28,4.33,4.31,3.88,3.98,,
2022-12-29,4.33,4.34,3.83,3.92,,
2022-12-30,4.33,4.41,3.88,3.97,,
2022-12-31,4.33,4.41,3.88,3.97,,
2023-01-01,4.33,4.41,3.88,3.97,,
2023-01-02,4.33,4.41,3.88,3.97,,
2023-01-03,4.33,4.4,3.79,3.88,,
2023-01-04,4.33,4.36,3.69,3.81,,
2023-01-05,4.33,4.45,3.71,3.78,,
2023-01-06,4.33,4.24,3.55,3.67,,
2023-01-07,4.33,4.24,3.55,3.67,,
2023-01-08,4.33,4.24,3.55,3.67,,
2023-01-09,4.33,4.19,3.53,3.66,,
2023-01-10,4.33,4.24,3.61,3.74,,
2023-01-11,4.33,4.2,3.54,3.67,,
2023-01-12,4.33,4.12,3.43,3.56,,
2023-01-13,4.33,4.22,3.49,3.61,,
2023-01-14,4.33,4.22,3.49,3.61,,
2023-01-15,4.33,4.22,3.49,3.61,,
2023-01-16,4.33,4.22,3.49,3.61,,
2023-01-17,4.33,4.18,3.53,3.64,,
2023-01-18,4.33,4.06,3.37,3.54,,
2023-01-19,4.33,4.09,3.39,3.57,,
2023-01-20,4.33,4.14,3.48,3.66,,
2023-01-21,4.33,4.14,3.48,3.66,,
2023-01-22,4.33,4.14,3.48,3.66,,
2023-01-23,4.33,4.21,3.52,3.69,,
2023-01-24,4.33,4.12,3.46,3.62,,
2023-01-25,4.33,4.11,3.46,3.62,,
2023-01-26,4.33,4.17,3.49,3.62,,
2023-01-27,4.33,4.19,3.52,3.64,,
2023-01-28,4.33,4.19,3.52,3.64,,
2023-01-29,4.33,4.19,3.52,3.64,,
2023-01-30,4.33,4.25,3.55,3.66,,
2023-01-31,4.33,4.21,3.52,3.65,,
2023-02-01,4.33,4.09,3.39,3.55,,
2023-02-02,4.58,4.09,3.4,3.55,,
2023-02-03,4.58,4.3,3.53,3.63,,
2023-02-04,4.58,4.3,3.53,3.63,,
2023-02-05,4.58,4.3,3.53,3.63,,
2023-02-06,4.58,4.44,3.63,3.67,,
2023-02-07,4.58,4.47,3.67,3.72,,
2023-02-08,4.58,4.45,3.63,3.7,,
2023-02-09,4.57,4.48,3.67,3.75,,
2023-02-10,4.58,4.5,3.74,3.83,,
2023-02-11,4.58,4.5,3.74,3.83,,
2023-02-12,4.58,4.5,3.74,3.83,,
2023-02-13,4.58,4.52,3.72,3.79,,
2023-02-14,4.58,4.6,3.77,3.81,,
2023-02-15,4.58,4.62,3.81,3.85,,
2023-02-16,4.58,4.62,3.86,3.92,,
2023-02-17,4.58,4.6,3.82,3.88,,
2023-02-18,4.58,4.6,3.82,3.88,,
2023-02-19,4.58,4.6,3.82,3.88,,
2023-02-20,4.58,4.6,3.82,3.88,,
2023-02-21,4.58,4.67,3.95,3.98,,
2023-02-22,4.58,4.66,3.93,3.94,,
2023-02-23,4.58,4.66,3.88,3.88,,
2023-02-24,4.58,4.78,3.95,3.93,,
2023-02-25,4.58,4.78,3.95,3.93,,
2023-02-26,4.58,4.78,3.95,3.93,,
2023-02-27,4.57,4.78,3.92,3.93,,
2023-02-28,4.57,4.81,3.92,3.93,,
2023-03-01,4.58,4.89,4.01,3.97,,
2023-03-02,4.57,4.89,4.08,4.03,,
2023-03-03,4.57,4.86,3.97,3.9,,
2023-03-04,4.57,4.86,3.97,3.9,,
2023-03-05,4.57,4.86,3.97,3.9,,
2023-03-06,4.57,4.89,3.98,3.92,,
2023-03-07,4.57,5.0,3.97,3.88,,
2023-03-08,4.57,5.05,3.98,3.88,,
2023-03-09,4.57,4.9,3.93,3.88,,
2023-03-10,4.57,4.6,3.7,3.7,,
2023-03-11,4.57,4.6,3.7,3.7,,
2023-03-12,4.57,4.6,3.7,3.7,,
2023-03-13,4.58,4.03,3.55,3.7,,
2023-03-14,4.58,4.2,3.64,3.77,,
2023-03-15,4.58,3.93,3.51,3.7,,
2023-03-16,4.58,4.14,3.56,3.71,,
2023-03-17,4.58,3.81,3.39,3.6,,
2023-03-18,4.58,3.81,3.39,3.6,,
2023-03-19,4.58,3.81,3.39,3.6,,
2023-03-20,4.58,3.92,3.47,3.65,,
2023-03-21,4.58,4.17,3.59,3.73,,
2023-03-22,4.58,3.96,3.48,3.68,,
2023-03-23,4.83,3.76,3.38,3.66,,
2023-03-24,4.83,3.76,3.38,3.64,,
2023-03-25,4.83,3.76,3.38,3.64,,
2023-03-26,4.83,3.76,3.38,3.64,,
2023-03-27,4.83,3.94,3.53,3.77,,
2023-03-28,4.83,4.02,3.55,3.77,,
2023-03-29,4.83,4.08,3.57,3.78,,
2023-03-30,4.83,4.1,3.55,3.74,,
2023-03-31,4.83,4.06,3.48,3.67,,
2023-04-01,4.83,4.06,3.48,3.67,,
2023-04-02,4.83,4.06,3.48,3.67,,
2023-04-03,4.83,3.97,3.43,3.64,,
2023-04-04,4.83,3.84,3.35,3.6,,
2023-04-05,4.83,3.79,3.3,3.56,,
2023-04-06,4.83,3.82,3.3,3.54,,
2023-04-07,4.83,3.97,3.39,3.61,,
2023-04-08,4.83,3.97,3.39,3.61,,
2023-04-09,4.83,3.97,3.39,3.61,,
2023-04-10,4.83,4.0,3.41,3.62,,
2023-04-11,4.83,4.03,3.43,3.62,,
2023-04-12,4.83,3.95,3.41,3.64,,
2023-04-13,4.83,3.96,3.45,3.69,,
2023-04-14,4.83,4.08,3.52,3.74,,
2023-04-15,4.83,4.08,3.52,3.74,,
2023-04-16,4.83,4.08,3.52,3.74,,
2023-04-17,4.83,4.18,3.6,3.81,,
2023-04-18,4.83,4.19,3.58,3.79,,
2023-04-19,4.83,4.24,3.6,3.79,,
2023-04-20,4.83,4.14,3.54,3.75,,
2023-04-21,4.83,4.17,3.57,3.78,,
2023-04-22,4.83,4.17,3.57,3.78,,
2023-04-23,4.83,4.17,3.57,3.78,,
2023-04-24,4.83,4.12,3.52,3.73,,
2023-04-25,4.83,3.86,3.4,3.65,4.64,1.4
2023-04-26,4.83,3.9,3.43,3.7,4.63,1.41
2023-04-27,4.83,4.07,3.53,3.76,4.48,1.39
2023-04-28,4.83,4.04,3.44,3.67,4.5,1.4
2023-04-29,4.83,4.04,3.44,3.67,4.5,1.4
2023-04-30,4.83,4.04,3.44,3.67,4.53,1.41
2023-05-01,4.83,4.14,3.59,3.84,4.45,1.4
2023-05-02,4.83,3.97,3.44,3.72,4.7,1.44
2023-05-03,4.83,3.89,3.38,3.7,4.79,1.45
2023-05-04,5.08,3.75,3.37,3.73,4.95,1.51
2023-05-05,5.08,3.92,3.44,3.76,4.77,1.48
2023-05-06,5.08,3.92,3.44,3.76,4.77,1.48
2023-05-07,5.08,3.92,3.44,3.76,4.77,1.48
2023-05-08,5.08,4.0,3.52,3.84,4.72,1.49
2023-05-09,5.08,4.01,3.53,3.85,4.74,1.49
2023-05-10,5.08,3.9,3.43,3.8,4.78,1.49
2023-05-11,5.08,3.89,3.39,3.73,4.81,1.49
2023-05-12,5.08,3.98,3.46,3.78,4.76,1.48
2023-05-13,5.08,3.98,3.46,3.78,4.76,1.48
2023-05-14,5.08,3.98,3.46,3.78,4.76,1.48
2023-05-15,5.08,3.99,3.5,3.84,4.77,1.49
2023-05-16,5.08,4.06,3.54,3.87,4.79,1.49
2023-05-17,5.08,4.12,3.57,3.88,4.75,1.49
2023-05-18,5.08,4.24,3.65,3.91,4.69,1.47
2023-05-19,5.08,4.28,3.7,3.95,4.62,1.45
2023-05-20,5.08,4.28,3.7,3.95,4.62,1.45
2023-05-21,5.08,4.28,3.7,3.95,4.62,1.45
2023-05-22,5.08,4.29,3.72,3.97,4.54,1.44
2023-05-23,5.08,4.26,3.7,3.96,4.6,1.44
2023-05-24,5.08,4.31,3.73,3.97,4.68,1.44
2023-05-25,5.08,4.5,3.83,4.01,4.58,1.42
2023-05-26,5.08,4.54,3.8,3.96,4.53,1.41
2023-05-27,5.08,4.54,3.8,3.96,4.53,1.41
2023-05-28,5.08,4.54,3.8,3.96,4.53,1.41
2023-05-29,5.08,4.54,3.8,3.96,4.54,1.41
2023-05-30,5.08,4.46,3.69,3.9,4.58,1.4
2023-05-31,5.08,4.4,3.64,3.85,4.69,1.42
2023-06-01,5.08,4.33,3.61,3.84,4.65,1.42
2023-06-02,5.08,4.5,3.69,3.88,4.37,1.39
2023-06-03,5.08,4.5,3.69,3.88,4.37,1.39
2023-06-04,5.08,4.5,3.69,3.88,4.37,1.39
2023-06-05,5.08,4.46,3.69,3.89,4.39,1.39
2023-06-06,5.08,4.51,3.7,3.87,4.39,1.39
2023-06-07,5.08,4.56,3.79,3.95,4.33,1.39
2023-06-08,5.08,4.52,3.73,3.89,4.39,1.4
2023-06-09,5.08,4.59,3.75,3.89,4.29,1.4
2023-06-10,5.08,4.59,3.75,3.89,4.29,1.4
2023-06-11,5.08,4.59,3.75,3.89,4.29,1.4
2023-06-12,5.08,4.55,3.73,3.87,4.34,1.41
2023-06-13,5.08,4.67,3.84,3.94,4.18,1.39
2023-06-14,5.08,4.74,3.83,3.9,4.18,1.38
2023-06-15,5.07,4.62,3.72,3.85,4.21,1.37
2023-06-16,5.08,4.7,3.77,3.86,4.15,1.35
2023-06-17,5.08,4.7,3.77,3.86,4.15,1.35
2023-06-18,5.08,4.7,3.77,3.86,4.15,1.35
2023-06-19,5.08,4.7,3.77,3.86,4.15,1.35
2023-06-20,5.07,4.68,3.74,3.83,4.22,1.35
2023-06-21,5.07,4.68,3.72,3.81,4.32,1.35
2023-06-22,5.07,4.77,3.8,3.88,4.3,1.34
2023-06-23,5.07,4.71,3.74,3.82,4.4,1.35
2023-06-24,5.07,4.71,3.74,3.82,4.4,1.35
2023-06-25,5.07,4.71,3.74,3.82,4.4,1.35
2023-06-26,5.07,4.65,3.72,3.83,4.45,1.36
2023-06-27,5.07,4.74,3.77,3.84,4.3,1.34
2023-06-28,5.07,4.71,3.71,3.81,4.27,1.34
2023-06-29,5.07,4.87,3.85,3.92,4.14,1.31
2023-06-30,5.08,4.87,3.81,3.85,4.05,1.3
2023-07-01,5.08,4.87,3.81,3.85,4.05,1.3
2023-07-02,5.08,4.87,3.81,3.85,4.05,1.3
2023-07-03,5.08,4.94,3.86,3.87,3.99,1.29
2023-07-04,5.08,4.94,3.86,3.87,3.99,1.29
2023-07-05,5.08,4.94,3.95,3.95,4.01,1.28
2023-07-06,5.08,4.99,4.05,4.01,4.1,1.29
2023-07-07,5.08,4.94,4.06,4.05,4.08,1.28
2023-07-08,5.08,4.94,4.06,4.05,4.08,1.28
2023-07-09,5.08,4.94,4.06,4.05,4.08,1.28
2023-07-10,5.07,4.85,4.01,4.05,4.13,1.29
2023-07-11,5.08,4.88,3.99,4.03,4.05,1.28
2023-07-12,5.08,4.72,3.86,3.96,3.95,1.27
2023-07-13,5.08,4.59,3.76,3.9,3.97,1.27
2023-07-14,5.08,4.74,3.83,3.93,3.9,1.28
2023-07-15,5.08,4.74,3.83,3.93,3.9,1.28
2023-07-16,5.08,4.74,3.83,3.93,3.9,1.28
2023-07-17,5.08,4.74,3.81,3.94,3.97,1.29
2023-07-18,5.08,4.74,3.8,3.91,3.9,1.28
2023-07-19,5.08,4.74,3.75,3.84,3.89,1.28
2023-07-20,5.08,4.8,3.85,3.91,3.9,1.27
2023-07-21,5.08,4.82,3.84,3.91,3.89,1.26
2023-07-22,5.08,4.82,3.84,3.91,3.89,1.26
2023-07-23,5.08,4.82,3.84,3.91,3.89,1.26
2023-07-24,5.08,4.81,3.86,3.92,3.82,1.25
2023-07-25,5.08,4.85,3.91,3.95,3.84,1.24
2023-07-26,5.08,4.82,3.86,3.94,3.91,1.23
2023-07-27,5.33,4.91,4.01,4.06,3.78,1.2
2023-07-28,5.33,4.87,3.96,4.03,3.82,1.19
2023-07-29,5.33,4.87,3.96,4.03,3.82,1.19
2023-07-30,5.33,4.87,3.96,4.03,3.82,1.19
2023-07-31,5.33,4.88,3.97,4.02,3.79,1.19
2023-08-01,5.33,4.92,4.05,4.11,3.82,1.19
2023-08-02,5.33,4.88,4.08,4.17,3.96,1.21
2023-08-03,5.33,4.9,4.2,4.32,3.98,1.22
2023-08-04,5.33,4.78,4.05,4.21,4.01,1.22
2023-08-05,5.33,4.78,4.05,4.21,4.01,1.22
2023-08-06,5.33,4.78,4.05,4.21,4.01,1.22
2023-08-07,5.33,4.76,4.09,4.27,3.97,1.22
2023-08-08,5.33,4.74,4.02,4.2,4.0,1.23
2023-08-09,5.33,4.79,4.0,4.18,3.94,1.23
2023-08-10,5.33,4.82,4.09,4.24,3.83,1.22
2023-08-11,5.33,4.89,4.16,4.27,3.83,1.22
2023-08-12,5.33,4.89,4.16,4.27,3.83,1.22
2023-08-13,5.33,4.89,4.16,4.27,3.83,1.22
2023-08-14,5.33,4.96,4.19,4.29,3.79,1.22
2023-08-15,5.33,4.92,4.21,4.32,3.85,1.23
2023-08-16,5.33,4.97,4.28,4.38,3.81,1.25
2023-08-17,5.33,4.94,4.3,4.41,3.95,1.26
2023-08-18,5.33,4.92,4.26,4.38,4.02,1.27
2023-08-19,5.33,4.92,4.26,4.38,4.02,1.27
2023-08-20,5.33,4.92,4.26,4.38,4.02,1.27
2023-08-21,5.33,4.97,4.34,4.45,3.97,1.26
2023-08-22,5.33,5.02,4.34,4.42,3.93,1.25
2023-08-23,5.33,4.95,4.19,4.27,3.92,1.25
2023-08-24,5.33,4.98,4.23,4.3,3.91,1.23
2023-08-25,5.33,5.03,4.25,4.3,3.9,1.23
2023-08-26,5.33,5.03,4.25,4.3,3.9,1.23
2023-08-27,5.33,5.03,4.25,4.3,3.9,1.23
2023-08-28,5.33,4.98,4.2,4.29,3.86,1.22
2023-08-29,5.33,4.87,4.12,4.23,3.87,1.22
2023-08-30,5.33,4.9,4.12,4.23,3.8,1.22
2023-08-31,5.33,4.85,4.09,4.2,3.85,1.22
2023-09-01,5.33,4.87,4.18,4.29,3.81,1.22
2023-09-02,5.33,4.87,4.18,4.29,3.81,1.22
2023-09-03,5.33,4.87,4.18,4.29,3.81,1.22
2023-09-04,5.33,4.87,4.18,4.29,3.81,1.22
2023-09-05,5.33,4.94,4.27,4.38,3.83,1.22
2023-09-06,5.33,5.01,4.3,4.37,3.86,1.23
2023-09-07,5.33,4.94,4.27,4.36,3.9,1.23
2023-09-08,5.33,4.98,4.26,4.33,3.85,1.23
2023-09-09,5.33,4.98,4.26,4.33,3.85,1.23
2023-09-10,5.33,4.98,4.26,4.33,3.85,1.23
2023-09-11,5.33,4.97,4.29,4.37,3.82,1.23
2023-09-12,5.33,4.98,4.27,4.35,3.84,1.23
2023-09-13,5.33,4.96,4.25,4.34,3.85,1.24
2023-09-14,5.33,5.0,4.29,4.39,3.78,1.23
2023-09-15,5.33,5.02,4.33,4.42,3.79,1.22
2023-09-16,5.33,5.02,4.33,4.42,3.79,1.22
2023-09-17,5.33,5.02,4.33,4.42,3.79,1.22
2023-09-18,5.33,5.05,4.32,4.4,3.82,1.22
2023-09-19,5.33,5.08,4.37,4.43,3.82,1.21
2023-09-20,5.33,5.12,4.35,4.4,3.77,1.2
2023-09-21,5.33,5.12,4.49,4.56,3.89,1.2
2023-09-22,5.33,5.1,4.44,4.53,3.93,1.2
2023-09-23,5.33,5.1,4.44,4.53,3.93,1.2
2023-09-24,5.33,5.1,4.44,4.53,3.93,1.2
2023-09-25,5.33,5.09,4.55,4.67,3.97,1.19
2023-09-26,5.33,5.04,4.56,4.7,4.04,1.2
2023-09-27,5.33,5.1,4.61,4.73,4.03,1.21
2023-09-28,5.33,5.04,4.59,4.71,4.09,1.23
2023-09-29,5.33,5.03,4.59,4.73,4.03,1.24
2023-09-30,5.33,5.03,4.59,4.73,4.03,1.25
2023-10-01,5.33,5.03,4.59,4.73,4.03,1.25
2023-10-02,5.33,5.12,4.69,4.81,4.11,1.26
2023-10-03,5.33,5.15,4.81,4.95,4.26,1.28
2023-10-04,5.33,5.05,4.73,4.87,4.37,1.29
2023-10-05,5.33,5.03,4.72,4.89,4.38,1.29
2023-10-06,5.33,5.08,4.78,4.95,4.33,1.29
2023-10-07,5.33,5.08,4.78,4.95,4.33,1.29
2023-10-08,5.33,5.08,4.78,4.95,4.33,1.29
2023-10-09,5.33,5.08,4.78,4.95,4.34,1.29
2023-10-10,5.33,4.96,4.66,4.85,4.26,1.29
2023-10-11,5.33,4.99,4.58,4.73,4.25,1.27
2023-10-12,5.33,5.06,4.7,4.86,4.25,1.26
2023-10-13,5.33,5.04,4.63,4.78,4.3,1.27
2023-10-14,5.33,5.04,4.63,4.78,4.3,1.27
2023-10-15,5.33,5.04,4.63,4.78,4.3,1.27
2023-10-16,5.33,5.09,4.71,4.87,4.27,1.27
2023-10-17,5.33,5.19,4.83,4.94,4.25,1.27
2023-10-18,5.33,5.19,4.91,5.0,4.32,1.29
2023-10-19,5.33,5.14,4.98,5.11,4.37,1.31
2023-10-20,5.33,5.07,4.93,5.09,4.52,1.33
2023-10-21,5.33,5.07,4.93,5.09,4.52,1.33
2023-10-22,5.33,5.07,4.93,5.09,4.52,1.33
2023-10-23,5.33,5.05,4.86,5.01,4.51,1.33
2023-10-24,5.33,5.02,4.83,4.96,4.41,1.31
2023-10-25,5.33,5.08,4.95,5.09,4.37,1.3
2023-10-26,5.33,5.02,4.86,5.01,4.5,1.3
2023-10-27,5.33,4.99,4.84,5.03,4.53,1.31
2023-10-28,5.33,4.99,4.84,5.03,4.53,1.31
2023-10-29,5.33,4.99,4.84,5.03,4.53,1.31
2023-10-30,5.33,5.03,4.88,5.04,4.5,1.32
2023-10-31,5.33,5.07,4.88,5.04,4.42,1.32
2023-11-01,5.33,4.95,4.77,4.96,4.47,1.33
2023-11-02,5.33,4.98,4.67,4.82,4.15,1.29
2023-11-03,5.33,4.83,4.57,4.77,4.04,1.29
2023-11-04,5.33,4.83,4.57,4.77,4.04,1.29
2023-11-05,5.33,4.83,4.57,4.77,4.04,1.29
2023-11-06,5.33,4.93,4.67,4.84,4.0,1.28
2023-11-07,5.33,4.91,4.58,4.75,4.08,1.29
2023-11-08,5.33,4.93,4.49,4.64,4.08,1.28
2023-11-09,5.33,5.03,4.62,4.77,4.04,1.27
2023-11-10,5.33,5.04,4.61,4.73,4.03,1.26
2023-11-11,5.33,5.04,4.61,4.73,4.03,1.26
2023-11-12,5.33,5.04,4.61,4.73,4.03,1.26
2023-11-13,5.33,5.02,4.63,4.75,4.03,1.25
2023-11-14,5.33,4.8,4.44,4.61,3.92,1.23
2023-11-15,5.33,4.9,4.53,4.68,3.89,1.22
2023-11-16,5.33,4.83,4.45,4.63,4.02,1.21
2023-11-17,5.33,4.88,4.44,4.59,3.99,1.2
2023-11-18,5.33,4.88,4.44,4.59,3.99,1.2
2023-11-19,5.33,4.88,4.44,4.59,3.99,1.2
2023-11-20,5.33,4.89,4.42,4.57,3.92,1.18
2023-11-21,5.33,4.86,4.41,4.57,3.95,1.17
2023-11-22,5.33,4.89,4.42,4.55,3.9,1.15
2023-11-23,5.33,4.89,4.42,4.55,3.9,1.15
2023-11-24,5.33,4.92,4.47,4.6,3.85,1.14
2023-11-25,5.33,4.92,4.47,4.6,3.85,1.14
2023-11-26,5.33,4.92,4.47,4.6,3.85,1.14
2023-11-27,5.33,4.84,4.39,4.53,3.89,1.14
2023-11-28,5.33,4.73,4.34,4.52,3.9,1.14
2023-11-29,5.33,4.64,4.27,4.44,3.8,1.11
2023-11-30,5.33,4.73,4.37,4.54,3.84,1.11
2023-12-01,5.33,4.56,4.22,4.4,3.87,1.11
2023-12-02,5.33,4.56,4.22,4.4,3.87,1.11
2023-12-03,5.33,4.56,4.22,4.4,3.87,1.11
2023-12-04,5.33,4.64,4.28,4.43,3.8,1.1
2023-12-05,5.33,4.57,4.18,4.3,3.8,1.11
2023-12-06,5.33,4.6,4.12,4.22,3.79,1.12
2023-12-07,5.33,4.58,4.14,4.25,3.77,1.11
2023-12-08,5.33,4.71,4.23,4.31,3.75,1.1
2023-12-09,5.33,4.71,4.23,4.31,3.75,1.1
2023-12-10,5.33,4.71,4.23,4.31,3.75,1.1
2023-12-11,5.33,4.71,4.23,4.32,3.79,1.1
2023-12-12,5.33,4.73,4.2,4.3,3.76,1.09
2023-12-13,5.33,4.46,4.04,4.19,3.79,1.08
2023-12-14,5.33,4.37,3.92,4.03,3.47,1.04
2023-12-15,5.33,4.44,3.91,4.0,3.51,1.04
2023-12-16,5.33,4.44,3.91,4.0,3.51,1.04
2023-12-17,5.33,4.44,3.91,4.0,3.51,1.04
2023-12-18,5.33,4.43,3.95,4.05,3.51,1.05
2023-12-19,5.33,4.41,3.93,4.03,3.46,1.05
2023-12-20,5.33,4.34,3.86,3.98,3.43,1.06
2023-12-21,5.33,4.33,3.89,4.03,3.41,1.07
2023-12-22,5.33,4.31,3.9,4.05,3.39,1.07
2023-12-23,5.33,4.31,3.9,4.05,3.39,1.07
2023-12-24,5.33,4.31,3.9,4.05,3.39,1.07
2023-12-25,5.33,4.31,3.9,4.05,3.39,1.07
2023-12-26,5.33,4.26,3.89,4.04,3.37,1.06
2023-12-27,5.33,4.2,3.79,3.95,3.34,1.05
2023-12-28,5.33,4.26,3.84,3.98,3.32,1.04
2023-12-29,5.33,4.23,3.88,4.03,3.34,1.04
2023-12-30,5.33,4.23,3.88,4.03,3.34,1.04
2023-12-31,5.33,4.23,3.88,4.03,3.39,1.04
2024-01-01,5.33,4.23,3.88,4.03,3.39,1.04
2024-01-02,5.33,4.33,3.95,4.08,3.54,1.06
2024-01-03,5.33,4.33,3.91,4.05,3.71,1.09
2024-01-04,5.33,4.38,3.99,4.13,3.69,1.09
2024-01-05,5.33,4.4,4.05,4.21,3.68,1.09
2024-01-06,5.33,4.4,4.05,4.21,3.68,1.09
2024-01-07,5.33,4.4,4.05,4.21,3.68,1.09
2024-01-08,5.33,4.36,4.01,4.17,3.63,1.08
2024-01-09,5.33,4.36,4.02,4.18,3.59,1.06
2024-01-10,5.33,4.37,4.04,4.2,3.5,1.04
2024-01-11,5.33,4.26,3.98,4.18,3.55,1.03
2024-01-12,5.33,4.14,3.96,4.2,3.56,1.02
2024-01-13,5.33,4.14,3.96,4.2,3.56,1.02
2024-01-14,5.33,4.14,3.96,4.2,3.56,1.02
2024-01-15,5.33,4.14,3.96,4.2,3.54,1.02
2024-01-16,5.33,4.22,4.07,4.3,3.58,1.02
2024-01-17,5.33,4.34,4.1,4.31,3.62,1.02
2024-01-18,5.33,4.34,4.14,4.37,3.58,1.01
2024-01-19,5.33,4.39,4.15,4.36,3.54,1.01
2024-01-20,5.33,4.39,4.15,4.36,3.54,1.01
2024-01-21,5.33,4.39,4.15,4.36,3.54,1.01
2024-01-22,5.33,4.37,4.11,4.32,3.49,1.01
2024-01-23,5.33,4.31,4.14,4.38,3.51,1.01
2024-01-24,5.33,4.34,4.18,4.41,3.44,0.99
2024-01-25,5.33,4.28,4.14,4.38,3.45,0.98
2024-01-26,5.33,4.34,4.15,4.38,3.39,0.97
2024-01-27,5.33,4.34,4.15,4.38,3.39,0.97
2024-01-28,5.33,4.34,4.15,4.38,3.39,0.97
2024-01-29,5.33,4.29,4.08,4.31,3.41,0.98
2024-01-30,5.33,4.36,4.06,4.28,3.42,1.0
2024-01-31,5.33,4.27,3.99,4.22,3.59,1.02
2024-02-01,5.33,4.2,3.87,4.1,3.56,1.04
2024-02-02,5.33,4.36,4.03,4.22,3.47,1.02
2024-02-03,5.33,4.36,4.03,4.22,3.47,1.02
2024-02-04,5.33,4.36,4.03,4.22,3.47,1.02
2024-02-05,5.33,4.46,4.17,4.35,3.5,1.0
2024-02-06,5.33,4.39,4.09,4.29,3.52,1.0
2024-02-07,5.33,4.41,4.09,4.31,3.43,1.0
2024-02-08,5.33,4.46,4.15,4.36,3.38,0.99
2024-02-09,5.33,4.48,4.17,4.37,3.33,1.0
2024-02-10,5.33,4.48,4.17,4.37,3.33,1.0
2024-02-11,5.33,4.48,4.17,4.37,3.33,1.0
2024-02-12,5.33,4.46,4.17,4.37,3.35,1.0
2024-02-13,5.33,4.64,4.31,4.46,3.36,0.99
2024-02-14,5.33,4.56,4.27,4.45,3.38,0.98
2024-02-15,5.33,4.56,4.24,4.42,3.35,0.97
2024-02-16,5.33,4.64,4.3,4.45,3.34,0.96
2024-02-17,5.33,4.64,4.3,4.45,3.34,0.96
2024-02-18,5.33,4.64,4.3,4.45,3.34,0.96
2024-02-19,5.33,4.64,4.3,4.45,3.34,0.96
2024-02-20,5.33,4.59,4.27,4.44,3.37,0.96
2024-02-21,5.33,4.64,4.32,4.49,3.34,0.94
2024-02-22,5.33,4.69,4.33,4.47,3.22,0.93
2024-02-23,5.33,4.67,4.26,4.37,3.23,0.95
2024-02-24,5.33,4.67,4.26,4.37,3.23,0.95
2024-02-25,5.33,4.67,4.26,4.37,3.23,0.95
2024-02-26,5.33,4.69,4.28,4.4,3.23,0.96
2024-02-27,5.33,4.7,4.31,4.44,3.26,0.96
2024-02-28,5.33,4.64,4.27,4.4,3.31,0.98
2024-02-29,5.33,4.64,4.25,4.38,3.29,1.0
2024-03-01,5.33,4.54,4.19,4.33,3.32,1.01
2024-03-02,5.33,4.54,4.19,4.33,3.32,1.01
2024-03-03,5.33,4.54,4.19,4.33,3.32,1.01
2024-03-04,5.33,4.61,4.22,4.36,3.26,1.0
2024-03-05,5.33,4.54,4.13,4.27,3.31,1.01
2024-03-06,5.33,4.55,4.11,4.24,3.27,1.01
2024-03-07,5.33,4.5,4.09,4.25,3.27,1.0
2024-03-08,5.33,4.48,4.09,4.26,3.26,0.99
2024-03-09,5.33,4.48,4.09,4.26,3.26,0.99
2024-03-10,5.33,4.48,4.09,4.26,3.26,0.99
2024-03-11,5.33,4.51,4.1,4.26,3.26,0.98
2024-03-12,5.33,4.58,4.16,4.31,3.2,0.97
2024-03-13,5.33,4.61,4.19,4.35,3.15,0.95
2024-03-14,5.33,4.68,4.29,4.44,3.15,0.94
2024-03-15,5.33,4.72,4.31,4.43,3.16,0.93
2024-03-16,5.33,4.72,4.31,4.43,3.16,0.93
2024-03-17,5.33,4.72,4.31,4.43,3.16,0.93
2024-03-18,5.33,4.73,4.34,4.46,3.13,0.92
2024-03-19,5.33,4.68,4.3,4.44,3.1,0.92
2024-03-20,5.33,4.59,4.27,4.45,3.14,0.92
2024-03-21,5.33,4.62,4.27,4.44,3.05,0.91
2024-03-22,5.33,4.59,4.22,4.39,3.08,0.92
2024-03-23,5.33,4.59,4.22,4.39,3.08,0.92
2024-03-24,5.33,4.59,4.22,4.39,3.08,0.92
2024-03-25,5.33,4.54,4.25,4.42,3.11,0.92
2024-03-26,5.33,4.56,4.24,4.4,3.15,0.93
2024-03-27,5.33,4.54,4.2,4.36,3.15,0.94
2024-03-28,5.33,4.59,4.2,4.34,3.12,0.93
2024-03-29,5.33,4.59,4.2,4.34,3.12,0.93
2024-03-30,5.33,4.59,4.2,4.34,3.12,0.93
2024-03-31,5.33,4.59,4.2,4.34,3.15,0.94
2024-04-01,5.33,4.72,4.33,4.47,3.12,0.93
2024-04-02,5.33,4.7,4.36,4.51,3.23,0.93
2024-04-03,5.33,4.68,4.36,4.51,3.23,0.92
2024-04-04,5.33,4.65,4.31,4.47,3.24,0.92
2024-04-05,5.33,4.73,4.39,4.54,3.18,0.92
2024-04-06,5.33,4.73,4.39,4.54,3.18,0.92
2024-04-07,5.33,4.73,4.39,4.54,3.18,0.92
2024-04-08,5.33,4.78,4.42,4.55,3.15,0.91
2024-04-09,5.33,4.74,4.36,4.5,3.14,0.91
2024-04-10,5.33,4.97,4.55,4.64,3.1,0.89
2024-04-11,5.33,4.93,4.56,4.65,3.16,0.89
2024-04-12,5.33,4.88,4.5,4.61,3.25,0.92
2024-04-13,5.33,4.88,4.5,4.61,3.25,0.92
2024-04-14,5.33,4.88,4.5,4.61,3.25,0.92
2024-04-15,5.33,4.93,4.63,4.74,3.28,0.92
2024-04-16,5.33,4.97,4.67,4.77,3.36,0.95
2024-04-17,5.33,4.93,4.59,4.71,3.42,0.95
2024-04-18,5.33,4.98,4.64,4.74,3.39,0.94
2024-04-19,5.33,4.97,4.62,4.72,3.37,0.94
2024-04-20,5.33,4.97,4.62,4.72,3.37,0.94
2024-04-21,5.33,4.97,4.62,4.72,3.37,0.94
2024-04-22,5.33,4.97,4.62,4.72,3.29,0.93
2024-04-23,5.33,4.86,4.61,4.73,3.2,0.92
2024-04-24,5.33,4.89,4.65,4.78,3.19,0.92
2024-04-25,5.33,4.96,4.7,4.82,3.24,0.92
2024-04-26,5.33,4.96,4.67,4.78,3.16,0.9
2024-04-27,5.33,4.96,4.67,4.78,3.16,0.9
2024-04-28,5.33,4.96,4.67,4.78,3.16,0.9
2024-04-29,5.33,4.97,4.63,4.75,3.12,0.9
2024-04-30,5.33,5.04,4.69,4.79,3.18,0.91
2024-05-01,5.33,4.96,4.63,4.74,3.21,0.91
2024-05-02,5.33,4.87,4.58,4.72,3.16,0.9
2024-05-03,5.33,4.81,4.5,4.66,3.08,0.89
2024-05-04,5.33,4.81,4.5,4.66,3.08,0.89
2024-05-05,5.33,4.81,4.5,4.66,3.08,0.89
2024-05-06,5.33,4.82,4.49,4.64,3.03,0.88
2024-05-07,5.33,4.82,4.47,4.61,3.06,0.88
2024-05-08,5.33,4.84,4.48,4.64,3.1,0.89
2024-05-09,5.33,4.8,4.45,4.6,3.14,0.89
2024-05-10,5.33,4.87,4.5,4.64,3.12,0.89
2024-05-11,5.33,4.87,4.5,4.64,3.12,0.89
2024-05-12,5.33,4.87,4.5,4.64,3.12,0.89
2024-05-13,5.33,4.85,4.48,4.63,3.14,0.9
2024-05-14,5.33,4.81,4.45,4.59,3.14,0.9
2024-05-15,5.33,4.73,4.36,4.52,3.13,0.9
2024-05-16,5.33,4.78,4.38,4.52,3.08,0.89
2024-05-17,5.33,4.83,4.42,4.56,3.09,0.89
2024-05-18,5.33,4.83,4.42,4.56,3.09,0.89
2024-05-19,5.33,4.83,4.42,4.56,3.09,0.89
2024-05-20,5.33,4.82,4.44,4.58,3.07,0.88
2024-05-21,5.33,4.82,4.41,4.55,3.07,0.89
2024-05-22,5.33,4.86,4.43,4.55,3.11,0.89
2024-05-23,5.33,4.91,4.47,4.58,3.1,0.89
2024-05-24,5.33,4.93,4.46,4.57,3.11,0.89
2024-05-25,5.33,4.93,4.46,4.57,3.11,0.89
2024-05-26,5.33,4.93,4.46,4.57,3.11,0.89
2024-05-27,5.33,4.93,4.46,4.57,3.12,0.89
2024-05-28,5.33,4.94,4.54,4.66,3.09,0.88
2024-05-29,5.33,4.96,4.61,4.74,3.15,0.88
2024-05-30,5.33,4.92,4.55,4.69,3.19,0.88
2024-05-31,5.33,4.89,4.51,4.65,3.2,0.88
2024-06-01,5.33,4.89,4.51,4.65,3.2,0.88
2024-06-02,5.33,4.89,4.51,4.65,3.2,0.88
2024-06-03,5.33,4.82,4.41,4.55,3.17,0.88
2024-06-04,5.33,4.77,4.33,4.48,3.22,0.9
2024-06-05,5.33,4.72,4.29,4.44,3.2,0.91
2024-06-06,5.33,4.72,4.28,4.43,3.2,0.92
2024-06-07,5.33,4.87,4.43,4.55,3.15,0.9
2024-06-08,5.33,4.87,4.43,4.55,3.15,0.9
2024-06-09,5.33,4.87,4.43,4.55,3.15,0.9
2024-06-10,5.33,4.87,4.47,4.59,3.15,0.9
2024-06-11,5.33,4.81,4.39,4.53,3.19,0.91
2024-06-12,5.33,4.75,4.31,4.47,3.09,0.9
2024-06-13,5.33,4.68,4.24,4.4,3.2,0.92
2024-06-14,5.33,4.67,4.2,4.34,3.29,0.95
2024-06-15,5.33,4.67,4.2,4.34,3.29,0.95
2024-06-16,5.33,4.67,4.2,4.34,3.29,0.95
2024-06-17,5.33,4.75,4.28,4.4,3.26,0.95
2024-06-18,5.33,4.69,4.22,4.36,3.24,0.96
2024-06-19,5.33,4.69,4.22,4.36,3.24,0.96
2024-06-20,5.33,4.7,4.25,4.39,3.23,0.96
2024-06-21,5.33,4.7,4.25,4.39,3.21,0.96
2024-06-22,5.33,4.7,4.25,4.39,3.21,0.96
2024-06-23,5.33,4.7,4.25,4.39,3.21,0.96
2024-06-24,5.33,4.71,4.25,4.38,3.19,0.96
2024-06-25,5.33,4.65,4.23,4.36,3.19,0.96
2024-06-26,5.33,4.71,4.32,4.45,3.18,0.97
2024-06-27,5.33,4.7,4.29,4.43,3.21,0.96
2024-06-28,5.33,4.71,4.36,4.51,3.18,0.96
2024-06-29,5.33,4.71,4.36,4.51,3.18,0.96
2024-06-30,5.33,4.71,4.36,4.51,3.21,0.96
2024-07-01,5.33,4.77,4.48,4.64,3.21,0.94
2024-07-02,5.33,4.74,4.43,4.6,3.23,0.93
2024-07-03,5.33,4.71,4.36,4.53,3.25,0.93
2024-07-04,5.33,4.71,4.36,4.53,3.25,0.93
2024-07-05,5.33,4.6,4.28,4.47,3.27,0.92
2024-07-06,5.33,4.6,4.28,4.47,3.27,0.92
2024-07-07,5.33,4.6,4.28,4.47,3.27,0.92
2024-07-08,5.33,4.62,4.28,4.46,3.2,0.92
2024-07-09,5.33,4.62,4.3,4.49,3.21,0.92
2024-07-10,5.33,4.62,4.28,4.47,3.17,0.92
2024-07-11,5.33,4.5,4.2,4.41,3.18,0.93
2024-07-12,5.33,4.45,4.18,4.39,3.19,0.92
2024-07-13,5.33,4.45,4.18,4.39,3.19,0.92
2024-07-14,5.33,4.45,4.18,4.39,3.19,0.92
2024-07-15,5.33,4.44,4.23,4.46,3.13,0.92
2024-07-16,5.33,4.43,4.17,4.38,3.08,0.92
2024-07-17,5.33,4.42,4.16,4.37,3.09,0.93
2024-07-18,5.33,4.46,4.2,4.41,3.09,0.93
2024-07-19,5.33,4.49,4.25,4.45,3.09,0.93
2024-07-20,5.33,4.49,4.25,4.45,3.09,0.93
2024-07-21,5.33,4.49,4.25,4.45,3.09,0.93
2024-07-22,5.33,4.5,4.26,4.48,3.05,0.93
2024-07-23,5.33,4.4,4.25,4.48,3.02,0.93
2024-07-24,5.33,4.37,4.28,4.54,3.1,0.96
2024-07-25,5.33,4.41,4.27,4.5,3.08,0.95
2024-07-26,5.33,4.36,4.2,4.45,3.1,0.95
2024-07-27,5.33,4.36,4.2,4.45,3.1,0.95
2024-07-28,5.33,4.36,4.2,4.45,3.1,0.95
2024-07-29,5.33,4.36,4.17,4.42,3.13,0.95
2024-07-30,5.33,4.35,4.15,4.4,3.2,0.96
2024-07-31,5.33,4.29,4.09,4.35,3.25,0.97
2024-08-01,5.33,4.16,3.99,4.27,3.35,1.0
2024-08-02,5.33,3.88,3.8,4.11,3.72,1.06
2024-08-03,5.33,3.88,3.8,4.11,3.72,1.06
2024-08-04,5.33,3.88,3.8,4.11,3.72,1.06
2024-08-05,5.33,3.89,3.78,4.06,3.93,1.12
2024-08-06,5.33,3.99,3.9,4.18,3.67,1.08
2024-08-07,5.33,4.0,3.96,4.26,3.57,1.07
2024-08-08,5.33,4.04,3.99,4.28,3.48,1.05
2024-08-09,5.33,4.05,3.94,4.23,3.49,1.05
2024-08-10,5.33,4.05,3.94,4.23,3.49,1.05
2024-08-11,5.33,4.05,3.94,4.23,3.49,1.05
2024-08-12,5.33,4.01,3.9,4.19,3.52,1.05
2024-08-13,5.33,3.93,3.85,4.16,3.54,1.04
2024-08-14,5.33,3.94,3.83,4.12,3.46,1.02
2024-08-15,5.33,4.08,3.92,4.18,3.31,0.98
2024-08-16,5.33,4.06,3.89,4.15,3.29,0.98
2024-08-17,5.33,4.06,3.89,4.15,3.29,0.98
2024-08-18,5.33,4.06,3.89,4.15,3.29,0.98
2024-08-19,5.33,4.06,3.86,4.11,3.21,0.97
2024-08-20,5.33,3.99,3.82,4.07,3.25,0.98
2024-08-21,5.33,3.92,3.79,4.06,3.27,0.98
2024-08-22,5.33,3.99,3.86,4.13,3.21,0.97
2024-08-23,5.33,3.9,3.81,4.1,3.19,0.96
2024-08-24,5.33,3.9,3.81,4.1,3.19,0.96
2024-08-25,5.33,3.9,3.81,4.1,3.19,0.96
2024-08-26,5.33,3.91,3.82,4.11,3.15,0.96
2024-08-27,5.33,3.83,3.83,4.13,3.17,0.96
2024-08-28,5.33,3.83,3.84,4.13,3.19,0.96
2024-08-29,5.33,3.87,3.87,4.15,3.15,0.96
2024-08-30,5.33,3.91,3.91,4.2,3.13,0.95
2024-08-31,5.33,3.91,3.91,4.2,3.17,0.96
2024-09-01,5.33,3.91,3.91,4.2,3.17,0.96
2024-09-02,5.33,3.91,3.91,4.2,3.17,0.96
2024-09-03,5.33,3.88,3.84,4.13,3.31,0.98
2024-09-04,5.33,3.76,3.77,4.06,3.35,0.99
2024-09-05,5.33,3.75,3.73,4.02,3.29,0.99
2024-09-06,5.33,3.66,3.72,4.03,3.39,0.99
2024-09-07,5.33,3.66,3.72,4.03,3.39,0.99
2024-09-08,5.33,3.66,3.72,4.03,3.39,0.99
2024-09-09,5.33,3.68,3.7,4.0,3.36,0.99
2024-09-10,5.33,3.59,3.65,3.97,3.46,1.01
2024-09-11,5.33,3.62,3.65,3.96,3.44,1.01
2024-09-12,5.33,3.64,3.68,4.0,3.39,0.99
2024-09-13,5.33,3.57,3.66,3.98,3.37,0.99
2024-09-14,5.33,3.57,3.66,3.98,3.37,0.99
2024-09-15,5.33,3.57,3.66,3.98,3.37,0.99
2024-09-16,5.33,3.56,3.63,3.94,3.32,0.98
2024-09-17,5.33,3.59,3.65,3.96,3.25,0.97
2024-09-18,5.33,3.61,3.7,4.03,3.21,0.95
2024-09-19,4.83,3.59,3.73,4.06,3.1,0.93
2024-09-20,4.83,3.55,3.73,4.07,3.15,0.93
2024-09-21,4.83,3.55,3.73,4.07,3.15,0.93
2024-09-22,4.83,3.55,3.73,4.07,3.15,0.93
2024-09-23,4.83,3.57,3.75,4.09,3.15,0.92
2024-09-24,4.83,3.49,3.74,4.09,3.21,0.92
2024-09-25,4.83,3.53,3.79,4.14,3.19,0.92
2024-09-26,4.83,3.6,3.79,4.12,3.14,0.92
2024-09-27,4.83,3.55,3.75,4.1,3.14,0.92
2024-09-28,4.83,3.55,3.75,4.1,3.14,0.92
2024-09-29,4.83,3.55,3.75,4.1,3.14,0.92
2024-09-30,4.83,3.66,3.81,4.14,3.03,0.92
2024-10-01,4.83,3.61,3.74,4.08,3.07,0.92
2024-10-02,4.83,3.63,3.79,4.14,3.06,0.91
2024-10-03,4.83,3.7,3.85,4.18,3.04,0.9
2024-10-04,4.83,3.93,3.98,4.26,2.89,0.87
2024-10-05,4.83,3.93,3.98,4.26,2.89,0.87
2024-10-06,4.83,3.93,3.98,4.26,2.89,0.87
2024-10-07,4.83,3.99,4.03,4.3,2.95,0.86
2024-10-08,4.83,3.98,4.04,4.32,2.99,0.87
2024-10-09,4.83,3.99,4.06,4.34,2.94,0.85
2024-10-10,4.83,3.98,4.09,4.38,2.99,0.84
2024-10-11,4.83,3.95,4.08,4.39,2.98,0.84
2024-10-12,4.83,3.95,4.08,4.39,2.98,0.84
2024-10-13,4.83,3.95,4.08,4.39,2.98,0.84
2024-10-14,4.83,3.95,4.08,4.39,2.97,0.84
2024-10-15,4.83,3.95,4.03,4.32,2.93,0.83
2024-10-16,4.83,3.93,4.02,4.3,2.9,0.83
2024-10-17,4.83,3.96,4.09,4.39,2.89,0.83
2024-10-18,4.83,3.95,4.08,4.38,2.88,0.83
2024-10-19,4.83,3.95,4.08,4.38,2.88,0.83
2024-10-20,4.83,3.95,4.08,4.38,2.88,0.83
2024-10-21,4.83,4.02,4.19,4.49,2.88,0.85
2024-10-22,4.83,4.03,4.2,4.49,2.92,0.85
2024-10-23,4.83,4.07,4.24,4.51,2.95,0.86
2024-10-24,4.83,4.07,4.21,4.47,2.93,0.86
2024-10-25,4.83,4.11,4.25,4.51,2.89,0.85
2024-10-26,4.83,4.11,4.25,4.51,2.89,0.85
2024-10-27,4.83,4.11,4.25,4.51,2.89,0.85
2024-10-28,4.83,4.12,4.28,4.53,2.82,0.84
2024-10-29,4.83,4.11,4.28,4.52,2.85,0.84
2024-10-30,4.83,4.15,4.29,4.49,2.8,0.84
2024-10-31,4.83,4.16,4.28,4.47,2.88,0.86
2024-11-01,4.83,4.21,4.37,4.57,2.83,0.86
2024-11-02,4.83,4.21,4.37,4.57,2.83,0.86
2024-11-03,4.83,4.21,4.37,4.57,2.83,0.86
2024-11-04,4.83,4.17,4.31,4.5,2.87,0.86
2024-11-05,4.83,4.19,4.26,4.44,2.86,0.84
2024-11-06,4.83,4.27,4.42,4.6,2.74,0.8
2024-11-07,4.83,4.21,4.31,4.52,2.73,0.78
2024-11-08,4.58,4.26,4.3,4.47,2.63,0.77
2024-11-09,4.58,4.26,4.3,4.47,2.63,0.77
2024-11-10,4.58,4.26,4.3,4.47,2.63,0.77
2024-11-11,4.58,4.26,4.3,4.47,2.63,0.77
2024-11-12,4.58,4.34,4.43,4.58,2.61,0.77
2024-11-13,4.58,4.27,4.44,4.63,2.64,0.78
2024-11-14,4.58,4.34,4.43,4.58,2.6,0.8
2024-11-15,4.58,4.31,4.43,4.6,2.72,0.8
2024-11-16,4.58,4.31,4.43,4.6,2.72,0.8
2024-11-17,4.58,4.31,4.43,4.6,2.72,0.8
2024-11-18,4.58,4.29,4.42,4.61,2.72,0.8
2024-11-19,4.58,4.27,4.39,4.57,2.69,0.8
2024-11-20,4.58,4.31,4.41,4.59,2.67,0.81
2024-11-21,4.58,4.34,4.43,4.61,2.61,0.81
2024-11-22,4.58,4.37,4.41,4.6,2.61,0.8
2024-11-23,4.58,4.37,4.41,4.6,2.61,0.8
2024-11-24,4.58,4.37,4.41,4.6,2.61,0.8
2024-11-25,4.58,4.21,4.27,4.45,2.64,0.8
2024-11-26,4.58,4.21,4.3,4.48,2.68,0.81
2024-11-27,4.58,4.19,4.25,4.44,2.69,0.82
2024-11-28,4.58,4.19,4.25,4.44,2.69,0.82
2024-11-29,4.58,4.13,4.18,4.36,2.72,0.82
2024-11-30,4.58,4.13,4.18,4.36,2.74,0.83
2024-12-01,4.58,4.13,4.18,4.36,2.74,0.83
2024-12-02,4.58,4.17,4.19,4.36,2.68,0.81
2024-12-03,4.58,4.17,4.23,4.4,2.66,0.8
2024-12-04,4.58,4.13,4.19,4.35,2.66,0.8
2024-12-05,4.58,4.15,4.17,4.33,2.66,0.81
2024-12-06,4.58,4.1,4.15,4.34,2.67,0.81
2024-12-07,4.58,4.1,4.15,4.34,2.67,0.81
2024-12-08,4.58,4.1,4.15,4.34,2.67,0.81
2024-12-09,4.58,4.13,4.2,4.39,2.67,0.81
2024-12-10,4.58,4.15,4.22,4.41,2.67,0.8
2024-12-11,4.58,4.15,4.26,4.48,2.64,0.78
2024-12-12,4.58,4.18,4.32,4.55,2.66,0.79
2024-12-13,4.58,4.25,4.4,4.61,2.68,0.78
2024-12-14,4.58,4.25,4.4,4.61,2.68,0.78
2024-12-15,4.58,4.25,4.4,4.61,2.68,0.78
2024-12-16,4.58,4.25,4.39,4.6,2.69,0.78
2024-12-17,4.58,4.25,4.4,4.59,2.75,0.79
2024-12-18,4.58,4.35,4.5,4.65,2.73,0.79
2024-12-19,4.33,4.32,4.57,4.74,2.91,0.82
2024-12-20,4.33,4.3,4.52,4.72,2.86,0.82
2024-12-21,4.33,4.3,4.52,4.72,2.86,0.82
2024-12-22,4.33,4.3,4.52,4.72,2.86,0.82
2024-12-23,4.33,4.3,4.59,4.78,2.85,0.82
2024-12-24,4.33,4.29,4.59,4.76,2.86,0.82
2024-12-25,4.33,4.29,4.59,4.76,2.86,0.82
2024-12-26,4.33,4.3,4.58,4.76,2.86,0.81
2024-12-27,4.33,4.31,4.62,4.82,2.84,0.81
2024-12-28,4.33,4.31,4.62,4.82,2.84,0.81
2024-12-29,4.33,4.31,4.62,4.82,2.84,0.81
2024-12-30,4.33,4.24,4.55,4.77,2.94,0.82
2024-12-31,4.33,4.25,4.58,4.78,2.92,0.82
2025-01-01,4.33,4.25,4.58,4.78,2.92,0.82
2025-01-02,4.33,4.25,4.57,4.79,2.88,0.83
2025-01-03,4.33,4.28,4.6,4.82,2.81,0.83
2025-01-04,4.33,4.28,4.6,4.82,2.81,0.83
2025-01-05,4.33,4.28,4.6,4.82,2.81,0.83
2025-01-06,4.33,4.28,4.62,4.85,2.76,0.84
2025-01-07,4.33,4.3,4.67,4.91,2.79,0.84
2025-01-08,4.33,4.28,4.67,4.91,2.84,0.83
2025-01-09,4.33,4.27,4.68,4.92,2.82,0.83
2025-01-10,4.33,4.4,4.77,4.96,2.81,0.83
2025-01-11,4.33,4.4,4.77,4.96,2.81,0.83
2025-01-12,4.33,4.4,4.77,4.96,2.81,0.83
2025-01-13,4.33,4.4,4.79,4.97,2.85,0.84
2025-01-14,4.33,4.37,4.78,4.98,2.8,0.84
2025-01-15,4.33,4.27,4.66,4.88,2.72,0.83
2025-01-16,4.33,4.23,4.61,4.84,2.73,0.83
2025-01-17,4.33,4.27,4.61,4.84,2.64,0.82
2025-01-18,4.33,4.27,4.61,4.84,2.64,0.82
2025-01-19,4.33,4.27,4.61,4.84,2.64,0.82
2025-01-20,4.33,4.27,4.61,4.84,2.64,0.82
2025-01-21,4.33,4.29,4.57,4.8,2.61,0.82
2025-01-22,4.33,4.29,4.6,4.82,2.59,0.81
2025-01-23,4.33,4.29,4.65,4.87,2.61,0.8
2025-01-24,4.33,4.27,4.63,4.85,2.6,0.8
2025-01-25,4.33,4.27,4.63,4.85,2.6,0.8
2025-01-26,4.33,4.27,4.63,4.85,2.6,0.8
2025-01-27,4.33,4.17,4.53,4.76,2.66,0.81
2025-01-28,4.33,4.19,4.55,4.78,2.66,0.81
2025-01-29,4.33,4.21,4.55,4.79,2.68,0.81
2025-01-30,4.33,4.18,4.52,4.76,2.67,0.81
2025-01-31,4.33,4.22,4.58,4.83,2.68,0.82
2025-02-01,4.33,4.22,4.58,4.83,2.68,0.82
2025-02-02,4.33,4.22,4.58,4.83,2.68,0.82
2025-02-03,4.33,4.26,4.54,4.77,2.73,0.83
2025-02-04,4.33,4.21,4.52,4.75,2.71,0.82
2025-02-05,4.33,4.17,4.43,4.64,2.69,0.83
2025-02-06,4.33,4.21,4.45,4.65,2.66,0.84
2025-02-07,4.33,4.29,4.49,4.69,2.67,0.84
2025-02-08,4.33,4.29,4.49,4.69,2.67,0.84
2025-02-09,4.33,4.29,4.49,4.69,2.67,0.84
2025-02-10,4.33,4.28,4.51,4.71,2.66,0.84
2025-02-11,4.33,4.29,4.54,4.75,2.66,0.83
2025-02-12,4.33,4.36,4.62,4.83,2.65,0.81
2025-02-13,4.33,4.31,4.52,4.72,2.65,0.81
2025-02-14,4.33,4.26,4.47,4.69,2.62,0.8
2025-02-15,4.33,4.26,4.47,4.69,2.62,0.8
2025-02-16,4.33,4.26,4.47,4.69,2.62,0.8
2025-02-17,4.33,4.26,4.47,4.69,2.62,0.8
2025-02-18,4.33,4.29,4.55,4.77,2.62,0.79
2025-02-19,4.33,4.28,4.53,4.76,2.68,0.79
2025-02-20,4.33,4.28,4.5,4.74,2.66,0.8
2025-02-21,4.33,4.19,4.42,4.67,2.78,0.81
2025-02-22,4.33,4.19,4.42,4.67,2.78,0.81
2025-02-23,4.33,4.19,4.42,4.67,2.78,0.81
2025-02-24,4.33,4.13,4.4,4.66,2.78,0.81
2025-02-25,4.33,4.07,4.3,4.55,2.84,0.84
2025-02-26,4.33,4.05,4.25,4.51,2.81,0.84
2025-02-27,4.33,4.07,4.29,4.56,2.81,0.85
2025-02-28,4.33,3.99,4.24,4.51,2.87,0.88
2025-03-01,4.33,3.99,4.24,4.51,2.87,0.88
2025-03-02,4.33,3.99,4.24,4.51,2.87,0.88
2025-03-03,4.33,3.96,4.16,4.45,2.94,0.89
2025-03-04,4.33,3.96,4.22,4.53,2.99,0.89
2025-03-05,4.33,3.99,4.28,4.57,2.88,0.87
2025-03-06,4.33,3.96,4.29,4.58,2.99,0.88
2025-03-07,4.33,3.99,4.32,4.62,2.97,0.89
2025-03-08,4.33,3.99,4.32,4.62,2.97,0.89
2025-03-09,4.33,3.99,4.32,4.62,2.97,0.89
2025-03-10,4.33,3.89,4.22,4.54,3.16,0.91
2025-03-11,4.33,3.94,4.28,4.59,3.22,0.94
2025-03-12,4.33,4.01,4.32,4.63,3.2,0.96
2025-03-13,4.33,3.94,4.27,4.59,3.4,0.97
2025-03-14,4.33,4.02,4.31,4.62,3.25,0.94
2025-03-15,4.33,4.02,4.31,4.62,3.25,0.94
2025-03-16,4.33,4.02,4.31,4.62,3.25,0.94
2025-03-17,4.33,4.06,4.31,4.6,3.18,0.93
2025-03-18,4.33,4.04,4.29,4.58,3.23,0.93
2025-03-19,4.33,3.99,4.25,4.56,3.19,0.91
2025-03-20,4.33,3.95,4.24,4.55,3.17,0.91
2025-03-21,4.33,3.94,4.25,4.59,3.21,0.92
2025-03-22,4.33,3.94,4.25,4.59,3.21,0.92
2025-03-23,4.33,3.94,4.25,4.59,3.21,0.92
2025-03-24,4.33,4.04,4.34,4.66,3.05,0.9
2025-03-25,4.33,3.96,4.31,4.65,3.09,0.9
2025-03-26,4.33,3.98,4.35,4.69,3.19,0.91
2025-03-27,4.33,3.97,4.38,4.73,3.27,0.91
2025-03-28,4.33,3.89,4.27,4.64,3.47,0.94
2025-03-29,4.33,3.89,4.27,4.64,3.47,0.94
2025-03-30,4.33,3.89,4.27,4.64,3.47,0.94
2025-03-31,4.33,3.89,4.23,4.59,3.55,0.97
2025-04-01,4.33,3.87,4.17,4.52,3.5,0.98
2025-04-02,4.33,3.91,4.2,4.54,3.42,0.96
2025-04-03,4.33,3.71,4.06,4.49,4.01,1.06
2025-04-04,4.33,3.68,4.01,4.41,4.45,1.14
2025-04-05,4.33,3.68,4.01,4.41,4.45,1.14
2025-04-06,4.33,3.68,4.01,4.41,4.45,1.14
2025-04-07,4.33,3.73,4.15,4.58,4.61,1.2
2025-04-08,4.33,3.71,4.26,4.71,4.57,1.18
2025-04-09,4.33,3.91,4.34,4.72,4.37,1.21
2025-04-10,4.33,3.84,4.4,4.86,4.42,1.18
2025-04-11,4.33,3.96,4.48,4.85,4.26,1.18
2025-04-12,4.33,3.96,4.48,4.85,4.26,1.18
2025-04-13,4.33,3.96,4.48,4.85,4.26,1.18
2025-04-14,4.33,3.84,4.38,4.8,4.14,1.15
2025-04-15,4.33,3.84,4.35,4.79,4.09,1.14
2025-04-16,4.33,3.77,4.29,4.74,4.16,1.13
2025-04-17,4.33,3.81,4.34,4.8,4.02,1.11
2025-04-18,4.33,3.81,4.34,4.8,4.02,1.11
2025-04-19,4.33,3.81,4.34,4.8,4.02,1.11
2025-04-20,4.33,3.81,4.34,4.8,4.02,1.11
2025-04-21,4.33,3.75,4.42,4.91,4.16,1.12
2025-04-22,4.33,3.76,4.41,4.88,3.99,1.11
2025-04-23,4.33,3.81,4.4,4.83,3.75,1.08
2025-04-24,4.33,3.77,4.32,4.77,3.73,1.06
2025-04-25,4.33,3.74,4.29,4.74,3.67,1.04
2025-04-26,4.33,3.74,4.29,4.74,3.67,1.04
2025-04-27,4.33,3.74,4.29,4.74,3.67,1.04
2025-04-28,4.33,3.67,4.23,4.69,3.73,1.04
2025-04-29,4.33,3.65,4.19,4.64,3.74,1.06
2025-04-30,4.33,3.6,4.17,4.66,3.94,1.09
2025-05-01,4.33,3.7,4.25,4.74,3.78,1.09
2025-05-02,4.33,3.83,4.33,4.79,3.6,1.06
2025-05-03,4.33,3.83,4.33,4.79,3.6,1.06
2025-05-04,4.33,3.83,4.33,4.79,3.6,1.06
2025-05-05,4.33,3.83,4.36,4.83,3.6,1.05
2025-05-06,4.33,3.78,4.3,4.81,3.66,1.05
2025-05-07,4.33,3.78,4.26,4.77,3.67,1.05
2025-05-08,4.33,3.9,4.37,4.83,3.51,1.02
2025-05-09,4.33,3.88,4.37,4.83,3.53,1.02
2025-05-10,4.33,3.88,4.37,4.83,3.53,1.02
2025-05-11,4.33,3.88,4.37,4.83,3.53,1.02
2025-05-12,4.33,3.98,4.45,4.89,3.15,0.97
2025-05-13,4.33,4.02,4.49,4.94,3.09,0.94
2025-05-14,4.33,4.05,4.53,4.97,3.1,0.93
2025-05-15,4.33,3.96,4.45,4.91,3.2,0.94
2025-05-16,4.33,3.98,4.43,4.89,3.16,0.93
2025-05-17,4.33,3.98,4.43,4.89,3.16,0.93
2025-05-18,4.33,3.98,4.43,4.89,3.16,0.93
2025-05-19,4.33,3.97,4.46,4.92,3.21,0.92
2025-05-20,4.33,3.97,4.48,4.96,3.2,0.9
2025-05-21,4.33,4.0,4.58,5.08,3.25,0.91
2025-05-22,4.33,4.0,4.54,5.05,3.32,0.92
2025-05-23,4.33,4.0,4.51,5.04,3.4,0.93
2025-05-24,4.33,4.0,4.51,5.04,3.4,0.93
2025-05-25,4.33,4.0,4.51,5.04,3.4,0.93
2025-05-26,4.33,4.0,4.51,5.04,3.4,0.93
2025-05-27,4.33,3.92,4.43,4.94,3.24,0.91
2025-05-28,4.33,3.96,4.47,4.97,3.23,0.9
2025-05-29,4.33,3.92,4.43,4.92,3.22,0.9
2025-05-30,4.33,3.89,4.41,4.92,3.31,0.91
2025-05-31,4.33,3.89,4.41,4.92,3.32,0.92
2025-06-01,4.33,3.89,4.41,4.92,3.32,0.92
2025-06-02,4.33,3.94,4.46,4.99,3.27,0.91
2025-06-03,4.33,3.96,4.46,4.98,3.19,0.89
2025-06-04,4.33,3.87,4.37,4.89,3.23,0.89
2025-06-05,4.33,3.92,4.4,4.88,3.18,0.89
2025-06-06,4.33,4.04,4.51,4.97,3.09,0.87
2025-06-07,4.33,4.04,4.51,4.97,3.09,0.87
2025-06-08,4.33,4.04,4.51,4.97,3.09,0.87
2025-06-09,4.33,4.01,4.49,4.95,3.12,0.87
2025-06-10,4.33,4.01,4.47,4.93,3.12,0.87
2025-06-11,4.33,3.94,4.41,4.91,3.12,0.87
2025-06-12,4.33,3.9,4.36,4.84,3.17,0.88
2025-06-13,4.33,3.96,4.41,4.9,3.18,0.88
2025-06-14,4.33,3.96,4.41,4.9,3.18,0.88
2025-06-15,4.33,3.96,4.41,4.9,3.18,0.88
2025-06-16,4.33,3.97,4.46,4.96,3.1,0.87
2025-06-17,4.33,3.94,4.39,4.88,3.17,0.88
2025-06-18,4.33,3.94,4.38,4.88,3.16,0.88
2025-06-19,4.33,3.94,4.38,4.88,3.16,0.88
2025-06-20,4.33,3.9,4.38,4.89,3.13,0.88
2025-06-21,4.33,3.9,4.38,4.89,3.13,0.88
2025-06-22,4.33,3.9,4.38,4.89,3.13,0.88
2025-06-23,4.33,3.84,4.34,4.87,3.12,0.89
2025-06-24,4.33,3.75,4.3,4.83,3.06,0.88
2025-06-25,4.33,3.74,4.29,4.83,3.04,0.88
2025-06-26,4.33,3.7,4.26,4.81,3.04,0.89
2025-06-27,4.33,3.73,4.29,4.85,3.02,0.88
2025-06-28,4.33,3.73,4.29,4.85,3.02,0.88
2025-06-29,4.33,3.73,4.29,4.85,3.02,0.88
2025-06-30,4.33,3.72,4.24,4.78,2.96,0.86
2025-07-01,4.33,3.78,4.26,4.78,2.91,0.84
2025-07-02,4.33,3.78,4.3,4.82,2.88,0.83
2025-07-03,4.33,3.88,4.35,4.86,2.8,0.8
2025-07-04,4.33,3.88,4.35,4.86,2.8,0.8
2025-07-05,4.33,3.88,4.35,4.86,2.8,0.8
2025-07-06,4.33,3.88,4.35,4.86,2.8,0.8
2025-07-07,4.33,3.9,4.4,4.92,2.86,0.81
2025-07-08,4.33,3.9,4.42,4.94,2.92,0.82
2025-07-09,4.33,3.86,4.34,4.87,2.94,0.83
2025-07-10,4.33,3.86,4.35,4.86,2.92,0.83
2025-07-11,4.33,3.9,4.43,4.96,2.97,0.83
2025-07-12,4.33,3.9,4.43,4.96,2.97,0.83
2025-07-13,4.33,3.9,4.43,4.96,2.97,0.83
2025-07-14,4.33,3.9,4.43,4.97,2.95,0.82
2025-07-15,4.33,3.95,4.5,5.01,2.95,0.81
2025-07-16,4.33,3.88,4.46,5.01,3.0,0.81
2025-07-17,4.33,3.91,4.47,5.01,2.91,0.8
2025-07-18,4.33,3.88,4.44,5.0,2.93,0.8
2025-07-19,4.33,3.88,4.44,5.0,2.93,0.8
2025-07-20,4.33,3.88,4.44,5.0,2.93,0.8
2025-07-21,4.33,3.85,4.38,4.94,2.89,0.8
2025-07-22,4.33,3.83,4.35,4.9,2.9,0.81
2025-07-23,4.33,3.88,4.4,4.95,2.83,0.79
2025-07-24,4.33,3.91,4.43,4.96,2.82,0.79
2025-07-25,4.33,3.91,4.4,4.92,2.84,0.78
2025-07-26,4.33,3.91,4.4,4.92,2.84,0.78
2025-07-27,4.33,3.91,4.4,4.92,2.84,0.78
2025-07-28,4.33,3.91,4.42,4.96,2.82,0.78
2025-07-29,4.33,3.86,4.34,4.86,2.86,0.79
2025-07-30,4.33,3.94,4.38,4.89,2.89,0.78
2025-07-31,4.33,3.94,4.37,4.89,2.86,0.79
2025-08-01,4.33,3.69,4.23,4.81,3.13,0.82
2025-08-02,4.33,3.69,4.23,4.81,3.13,0.82
2025-08-03,4.33,3.69,4.23,4.81,3.13,0.82
2025-08-04,4.33,3.69,4.22,4.8,3.02,0.82
2025-08-05,4.33,3.72,4.22,4.78,2.98,0.82
2025-08-06,4.33,3.69,4.22,4.81,2.98,0.81
2025-08-07,4.33,3.72,4.23,4.81,2.95,0.8
2025-08-08,4.33,3.76,4.27,4.85,2.94,0.8
2025-08-09,4.33,3.76,4.27,4.85,2.94,0.8
2025-08-10,4.33,3.76,4.27,4.85,2.94,0.8
2025-08-11,4.33,3.76,4.27,4.84,2.94,0.8
2025-08-12,4.33,3.72,4.29,4.88,2.93,0.79
2025-08-13,4.33,3.67,4.24,4.83,2.9,0.78
2025-08-14,4.33,3.74,4.29,4.88,2.89,0.77
2025-08-15,4.33,3.75,4.33,4.92,2.88,0.75
2025-08-16,4.33,3.75,4.33,4.92,2.88,0.75
2025-08-17,4.33,3.75,4.33,4.92,2.88,0.75
2025-08-18,4.33,3.77,4.34,4.94,2.88,0.75
2025-08-19,4.33,3.75,4.3,4.9,2.9,0.76
2025-08-20,4.33,3.74,4.29,4.89,2.94,0.77
2025-08-21,4.33,3.79,4.33,4.92,2.95,0.77
2025-08-22,4.33,3.68,4.26,4.88,2.88,0.77
2025-08-23,4.33,3.68,4.26,4.88,2.88,0.77
2025-08-24,4.33,3.68,4.26,4.88,2.88,0.77
2025-08-25,4.33,3.73,4.28,4.89,2.8,0.76
2025-08-26,4.33,3.61,4.26,4.9,2.78,0.78
2025-08-27,4.33,3.59,4.24,4.91,2.78,0.78
2025-08-28,4.33,3.62,4.22,4.88,2.75,0.79
2025-08-29,4.33,3.59,4.23,4.92,2.82,0.8
2025-08-30,4.33,3.59,4.23,4.92,2.82,0.8
2025-08-31,4.33,3.59,4.23,4.92,2.84,0.81
2025-09-01,4.33,3.59,4.23,4.92,2.84,0.81
2025-09-02,4.33,3.66,4.28,4.97,2.92,0.82
2025-09-03,4.33,3.61,4.22,4.9,2.88,0.81
2025-09-04,4.33,3.59,4.17,4.86,2.84,0.79
2025-09-05,4.33,3.51,4.1,4.78,2.83,0.79
2025-09-06,4.33,3.51,4.1,4.78,2.83,0.79
2025-09-07,4.33,3.51,4.1,4.78,2.83,0.79
2025-09-08,4.33,3.49,4.05,4.69,2.84,0.8
2025-09-09,4.33,3.54,4.08,4.72,2.87,0.8
2025-09-10,4.33,3.54,4.04,4.69,2.84,0.79
2025-09-11,4.33,3.52,4.01,4.65,2.78,0.78
2025-09-12,4.33,3.56,4.06,4.68,2.79,0.77
2025-09-13,4.33,3.56,4.06,4.68,2.79,0.77
2025-09-14,4.33,3.56,4.06,4.68,2.79,0.77
2025-09-15,4.33,3.54,4.05,4.66,2.75,0.75
2025-09-16,4.33,3.51,4.04,4.65,2.79,0.76
2025-09-17,4.33,3.52,4.06,4.66,2.79,0.76
2025-09-18,4.08,3.57,4.11,4.72,2.71,0.75
2025-09-19,4.08,3.57,4.14,4.75,2.72,0.74
2025-09-20,4.08,3.57,4.14,4.75,2.72,0.74
2025-09-21,4.08,3.57,4.14,4.75,2.72,0.74
2025-09-22,4.09,3.61,4.15,4.77,2.69,0.74
2025-09-23,4.09,3.53,4.12,4.73,2.71,0.75
2025-09-24,4.09,3.57,4.16,4.76,2.7,0.75
2025-09-25,4.09,3.64,4.18,4.75,2.76,0.76
2025-09-26,4.09,3.63,4.2,4.77,2.75,0.75
2025-09-27,4.09,3.63,4.2,4.77,2.75,0.75
2025-09-28,4.09,3.63,4.2,4.77,2.75,0.75
2025-09-29,4.09,3.63,4.15,4.71,2.74,0.75
2025-09-30,4.09,3.6,4.16,4.73,2.8,0.76
2025-10-01,4.09,3.55,4.12,4.72,2.81,0.76
2025-10-02,4.09,3.55,4.1,4.69,2.81,0.75
2025-10-03,4.09,3.58,4.13,4.71,2.8,0.75
2025-10-04,4.09,3.58,4.13,4.71,2.8,0.75
2025-10-05,4.09,3.58,4.13,4.71,2.8,0.75
2025-10-06,4.09,3.6,4.18,4.76,2.76,0.74
2025-10-07,4.09,3.57,4.14,4.73,2.82,0.75
2025-10-08,4.1,3.58,4.13,4.72,2.84,0.75
2025-10-09,4.1,3.6,4.14,4.72,2.95,0.77
2025-10-10,4.1,3.52,4.05,4.63,3.18,0.81
2025-10-11,4.1,3.52,4.05,4.63,3.18,0.81
2025-10-12,4.1,3.52,4.05,4.63,3.18,0.81
2025-10-13,4.1,3.52,4.05,4.63,3.18,0.81
2025-10-14,4.1,3.48,4.03,4.62,3.11,0.81
2025-10-15,4.1,3.5,4.05,4.64,2.95,0.78
2025-10-16,4.11,3.41,3.99,4.58,3.04,0.8
2025-10-17,4.11,3.46,4.02,4.6,3.04,0.8
2025-10-18,4.11,3.46,4.02,4.6,3.04,0.8
2025-10-19,4.11,3.46,4.02,4.6,3.04,0.8
2025-10-20,4.11,3.46,4.0,4.58,2.99,0.79
2025-10-21,4.11,3.45,3.98,4.55,2.97,0.79
2025-10-22,4.11,3.45,3.97,4.54,3.01,0.8
2025-10-23,4.11,3.48,4.01,4.58,2.96,0.78
2025-10-24,4.11,3.48,4.02,4.59,2.88,0.77
2025-10-25,4.11,3.48,4.02,4.59,2.88,0.77
2025-10-26,4.11,3.48,4.02,4.59,2.88,0.77
2025-10-27,4.12,3.48,4.01,4.57,2.8,0.76
2025-10-28,4.12,3.47,3.99,4.55,2.82,0.76
2025-10-29,4.12,3.59,4.08,4.61,2.76,0.75
2025-10-30,3.87,3.61,4.11,4.65,2.85,0.77
2025-10-31,3.86,3.6,4.11,4.67,2.94,0.8
2025-11-01,3.86,3.6,4.11,4.67,2.94,0.8
2025-11-02,3.86,3.6,4.11,4.67,2.94,0.8
2025-11-03,3.87,3.6,4.13,4.69,3.04,0.83
2025-11-04,3.87,3.58,4.1,4.67,3.13,0.83
2025-11-05,3.87,3.63,4.17,4.74,3.05,0.81
2025-11-06,3.87,3.57,4.11,4.69,3.13,0.82
2025-11-07,3.87,3.55,4.11,4.7,3.15,0.84
2025-11-08,3.87,3.55,4.11,4.7,3.15,0.84
2025-11-09,3.87,3.55,4.11,4.7,3.15,0.84
2025-11-10,3.87,3.58,4.13,4.71,3.02,0.82
2025-11-11,3.87,3.58,4.13,4.71,3.02,0.82
2025-11-12,3.87,3.56,4.08,4.67,3.02,0.83
2025-11-13,3.88,3.58,4.11,4.7,3.09,0.84
2025-11-14,3.88,3.62,4.14,4.74,3.07,0.83
2025-11-15,3.88,3.62,4.14,4.74,3.07,0.83
2025-11-16,3.88,3.62,4.14,4.74,3.07,0.83
2025-11-17,3.88,3.6,4.13,4.73,3.13,0.84
2025-11-18,3.88,3.58,4.12,4.74,3.2,0.85
2025-11-19,3.88,3.58,4.13,4.75,3.17,0.84
2025-11-20,3.88,3.55,4.1,4.73,3.17,0.85
2025-11-21,3.88,3.51,4.06,4.71,3.19,0.86
2025-11-22,3.88,3.51,4.06,4.71,3.19,0.86
2025-11-23,3.88,3.51,4.06,4.71,3.19,0.86
2025-11-24,3.88,3.46,4.04,4.68,3.15,0.85
2025-11-25,3.88,3.43,4.01,4.67,3.1,0.84
2025-11-26,3.88,3.45,4.0,4.64,3.0,0.82
2025-11-27,3.88,3.45,4.0,4.64,3.0,0.82
2025-11-28,3.89,3.47,4.02,4.67,2.95,0.82
2025-11-29,3.89,3.47,4.02,4.67,2.95,0.82
2025-11-30,3.89,3.47,4.02,4.67,2.92,0.82
2025-12-01,3.89,3.54,4.09,4.74,2.94,0.82
2025-12-02,3.89,3.51,4.09,4.74,2.92,0.81
2025-12-03,3.89,3.49,4.06,4.73,2.89,0.81
2025-12-04,3.89,3.52,4.11,4.76,2.88,0.8
2025-12-05,3.89,3.56,4.14,4.79,2.85,0.79
2025-12-06,3.89,3.56,4.14,4.79,2.85,0.79
2025-12-07,3.89,3.56,4.14,4.79,2.85,0.79
2025-12-08,3.89,3.57,4.17,4.81,2.89,0.78
2025-12-09,3.89,3.61,4.18,4.8,2.89,0.79
2025-12-10,3.89,3.54,4.13,4.78,2.91,0.78
2025-12-11,3.64,3.52,4.14,4.79,2.88,0.78
2025-12-12,3.64,3.52,4.19,4.85,2.91,0.8
2025-12-13,3.64,3.52,4.19,4.85,2.91,0.8
2025-12-14,3.64,3.52,4.19,4.85,2.91,0.8
2025-12-15,3.64,3.51,4.18,4.84,2.91,0.8
2025-12-16,3.64,3.48,4.15,4.82,2.98,0.81
2025-12-17,3.64,3.49,4.16,4.83,2.99,0.81
2025-12-18,3.64,3.46,4.12,4.8,2.95,0.81
2025-12-19,3.64,3.48,4.16,4.82,2.9,0.8
2025-12-20,3.64,3.48,4.16,4.82,2.9,0.8
2025-12-21,3.64,3.48,4.16,4.82,2.9,0.8
2025-12-22,3.64,3.44,4.17,4.84,2.88,0.8
2025-12-23,3.64,3.48,4.18,4.83,2.83,0.79
2025-12-24,3.64,3.47,4.15,4.79,2.84,0.79
2025-12-25,3.64,3.47,4.15,4.79,2.84,0.79
2025-12-26,3.64,3.46,4.14,4.81,2.86,0.79
2025-12-27,3.64,3.46,4.14,4.81,2.86,0.79
2025-12-28,3.64,3.46,4.14,4.81,2.86,0.79
2025-12-29,3.64,3.45,4.12,4.8,2.87,0.79
2025-12-30,3.64,3.45,4.14,4.81,2.84,0.79
2025-12-31,3.64,3.47,4.18,4.84,2.81,0.79
2026-01-01,3.64,3.47,4.18,4.84,2.81,0.79
2026-01-02,3.64,3.47,4.19,4.86,2.83,0.79
2026-01-03,3.64,3.47,4.19,4.86,2.83,0.79
2026-01-04,3.64,3.47,4.19,4.86,2.83,0.79
2026-01-05,3.64,3.46,4.17,4.85,2.81,0.79
2026-01-06,3.64,3.47,4.18,4.86,2.79,0.79
2026-01-07,3.64,3.47,4.15,4.82,2.79,0.79
2026-01-08,3.64,3.49,4.19,4.85,2.76,0.79
2026-01-09,3.64,3.54,4.18,4.82,2.74,0.78
2026-01-10,3.64,3.54,4.18,4.82,2.74,0.78
2026-01-11,3.64,3.54,4.18,4.82,2.74,0.78
2026-01-12,3.64,3.54,4.19,4.83,2.74,0.78
2026-01-13,3.64,3.53,4.18,4.83,2.75,0.77
2026-01-14,3.64,3.51,4.15,4.79,2.76,0.77
2026-01-15,3.64,3.56,4.17,4.79,2.71,0.76
2026-01-16,3.64,3.59,4.24,4.83,2.65,0.75
2026-01-17,3.64,3.59,4.24,4.83,2.65,0.75
2026-01-18,3.64,3.59,4.24,4.83,2.65,0.75
2026-01-19,3.64,3.59,4.24,4.83,2.65,0.75
2026-01-20,3.64,3.6,4.3,4.91,2.73,0.75
2026-01-21,3.64,3.6,4.26,4.87,2.69,0.74
2026-01-22,3.64,3.61,4.26,4.84,2.64,0.73
2026-01-23,3.64,3.6,4.24,4.82,2.68,0.73
2026-01-24,3.64,3.6,4.24,4.82,2.68,0.73
2026-01-25,3.64,3.6,4.24,4.82,2.68,0.73
2026-01-26,3.64,3.56,4.22,4.8,2.69,0.74
2026-01-27,3.64,3.53,4.24,4.83,2.71,0.73
2026-01-28,3.64,3.56,4.26,4.85,2.72,0.73
2026-01-29,3.64,3.53,4.24,4.85,2.77,0.74
2026-01-30,3.64,3.52,4.26,4.87,2.8,0.74
2026-01-31,3.64,3.52,4.26,4.87,2.88,0.75
2026-02-01,3.64,3.52,4.26,4.87,2.88,0.75
2026-02-02,3.64,3.57,4.29,4.9,2.81,0.74
2026-02-03,3.64,3.57,4.28,4.9,2.85,0.74
2026-02-04,3.64,3.57,4.29,4.91,2.86,0.75
2026-02-05,3.64,3.47,4.21,4.85,2.97,0.76
2026-02-06,3.64,3.5,4.22,4.85,2.87,0.76
2026-02-07,3.64,3.5,4.22,4.85,2.87,0.76
2026-02-08,3.64,3.5,4.22,4.85,2.87,0.76
2026-02-09,3.64,3.48,4.22,4.85,2.84,0.76
2026-02-10,3.64,3.45,4.16,4.78,2.86,0.77
2026-02-11,3.64,3.52,4.18,4.82,2.84,0.77
2026-02-12,3.64,3.47,4.09,4.72,2.92,0.78
2026-02-13,3.64,3.4,4.04,4.69,2.95,0.79
2026-02-14,3.64,3.4,4.04,4.69,2.95,0.79
2026-02-15,3.64,3.4,4.04,4.69,2.95,0.79
2026-02-16,3.64,3.4,4.04,4.69,2.94,0.79
2026-02-17,3.64,3.43,4.05,4.68,2.94,0.8
2026-02-18,3.64,3.47,4.09,4.71,2.86,0.78
2026-02-19,3.64,3.47,4.08,4.7,2.88,0.79
2026-02-20,3.64,3.48,4.08,4.72,2.86,0.78
2026-02-21,3.64,3.48,4.08,4.72,2.86,0.78
2026-02-22,3.64,3.48,4.08,4.72,2.86,0.78
2026-02-23,3.64,3.43,4.03,4.7,2.95,0.8
2026-02-24,3.64,3.43,4.04,4.7,2.97,0.81
2026-02-25,3.64,3.45,4.05,4.7,2.94,0.8
2026-02-26,3.64,3.42,4.02,4.67,2.98,0.82
2026-02-27,3.64,3.38,3.97,4.64,3.1,0.85
2026-02-28,3.64,3.38,3.97,4.64,3.12,0.86
2026-03-01,3.64,3.38,3.97,4.64,3.12,0.86
2026-03-02,3.64,3.47,4.05,4.7,3.03,0.85
2026-03-03,3.64,3.51,4.06,4.7,3.08,0.84
2026-03-04,3.64,3.54,4.09,4.72,2.97,0.82
2026-03-05,3.64,3.57,4.13,4.74,3.0,0.82
2026-03-06,3.64,3.56,4.15,4.77,3.13,0.84
2026-03-07,3.64,3.56,4.15,4.77,3.13,0.84
2026-03-08,3.64,3.56,4.15,4.77,3.13,0.84
2026-03-09,3.64,3.56,4.12,4.72,3.19,0.85
2026-03-10,3.64,3.57,4.15,4.78,3.06,0.84
2026-03-11,3.64,3.64,4.21,4.86,3.09,0.88
2026-03-12,3.64,3.76,4.27,4.88,3.17,0.91
2026-03-13,3.64,3.73,4.28,4.9,3.28,0.93
2026-03-14,3.64,3.73,4.28,4.9,3.28,0.93
2026-03-15,3.64,3.73,4.28,4.9,3.28,0.93
2026-03-16,3.64,3.68,4.23,4.86,3.27,0.94
2026-03-17,3.64,3.68,4.2,4.85,3.22,0.92
2026-03-18,3.64,3.76,4.26,4.88,3.2,0.91
2026-03-19,3.64,3.79,4.25,4.83,3.27,0.9
2026-03-20,3.64,3.88,4.39,4.96,3.24,0.88
2026-03-21,3.64,3.88,4.39,4.96,3.24,0.88
2026-03-22,3.64,3.88,4.39,4.96,3.24,0.88
2026-03-23,3.64,3.83,4.34,4.91,3.19,0.88
2026-03-24,3.64,3.9,4.39,4.94,3.19,0.87
2026-03-25,3.64,3.84,4.33,4.89,3.17,0.87
2026-03-26,3.64,3.96,4.42,4.93,3.21,0.88
2026-03-27,3.64,3.88,4.44,4.98,3.42,0.91
2026-03-28,3.64,3.88,4.44,4.98,3.42,0.91
2026-03-29,3.64,3.88,4.44,4.98,3.42,0.91
2026-03-30,3.64,3.82,4.35,4.91,3.46,0.93
2026-03-31,3.64,3.79,4.3,4.88,3.28,0.9
2026-04-01,3.64,3.81,4.33,4.91,3.16,0.87
2026-04-02,3.64,3.79,4.31,4.88,3.17,0.86
2026-04-03,3.64,3.84,4.35,4.91,3.13,0.86
2026-04-04,3.64,3.84,4.35,4.91,3.13,0.86
2026-04-05,3.64,3.84,4.35,4.91,3.13,0.86
2026-04-06,3.64,3.84,4.34,4.89,3.05,0.85
2026-04-07,3.64,3.81,4.33,4.9,3.12,0.86
2026-04-08,3.64,3.79,4.29,4.89,2.94,0.83
2026-04-09,3.64,3.78,4.29,4.9,2.9,0.83
2026-04-10,3.64,3.81,4.31,4.91,2.94,0.82
2026-04-11,3.64,3.81,4.31,4.91,2.94,0.82
2026-04-12,3.64,3.81,4.31,4.91,2.94,0.82
2026-04-13,3.64,3.78,4.3,4.9,2.95,0.82
2026-04-14,3.64,3.76,4.26,4.87,2.84,0.81
2026-04-15,3.64,3.76,4.29,4.89,2.85,0.8
2026-04-16,3.64,3.78,4.32,4.93,2.86,0.81
2026-04-17,3.64,3.71,4.26,4.88,2.83,0.8
2026-04-18,3.64,3.71,4.26,4.88,2.83,0.8
2026-04-19,3.64,3.71,4.26,4.88,2.83,0.8
2026-04-20,3.64,3.72,4.26,4.88,2.87,0.81
2026-04-21,3.64,3.78,4.3,4.89,2.85,0.8
2026-04-22,3.64,3.79,4.3,4.9,2.84,0.79
